Label,Message
ham,oh how abt 2 days before Christmas
info,"Welcome to OVATION HOLD R.No. 184, 114, 395, 378 Ch.In 2014-10-21 3:53 Ch.out 2014-11-01 12:00."
info,Thank you for using your ICICI bank CREDITcard ending 5253 for Rs. 2520.00 in ALIKE at Snapdeal on 2013-05-31 21:35
ham,schedule a meeting with the entire team in the office tomorrow
ham,Tommy is my brother
spam,OTP is 817453 for the txn of INR 8262.00 at SPICE JET on your SBI bank Debit card ending with 1385. Valid till 20:32:54. Do not share the OTP with anyone for security reasons
ham,the meeting is scheduled by john
spam,"Dear customer, We wish you a Merry Christmas. Thanks for being a Meru customer."
spam,Delivered: Your package withPawzone Red 1.25 inch Dog Collarwas successfully delivered. More info at http://amazon.com/cBfWh1e
info,The PNR for your Air India Flt 7I115 for PGH-BDQ on 2014-06-25 at 4:18 hrs  is PQPG4H. Tip: Check PNR status and book using MakeMyTrip App!. Thank you.
info,Bimal Auto Agency : Service of your car KA52C8378 is due in 72 days on 2015-01-28. Please contact us at 9411881245 to book a service.
info,Appointment with Dr Clayton in Pune on 2011-08-09 at 12:16 is confirmed. For queries call 1800 8126 6547. Your appt. might get delayed in case the doctor is attending an emergency.
info,Maha Veer Auto Agency : Service of your car KA88N4761 is due in 56 days on 2013-12-06. Please contact us at 9484286846 to book a service.
spam,"Dear AirAsia Customer, flight 5Q658 from RJA shall be boarding from gate 24C. Boarding gate closes26 mins prior to the departure time."
info,"Dear Guest, Thanks for choosing Forlini's Restaurant. Order ID 4117. Delivery by 2012-09-15 10:33. Enjoy 22% discount on your next purchase. Code OA586C. T&C."
ham,I will indeed! What time?
info,"Dear Guest, Thanks for choosing 2nd Avenue Deli. Order ID 4846. Delivery by 2013-02-21 17:15. Enjoy 5% discount on your next purchase. Code TRBDGV. T&C."
info,Aryan Auto Agency : Service of your car KA87A3626 is due in 38 days on 2011-02-01. Please contact us at 9161248828 to book a service.
info,Welcome to China Shipbuilding Industry R.No. 475 Ch.In 2014-11-11 13:31 Ch.out 2014-11-27 12:00.
ham,i will meet you on coming morning
info,"* KSRTC m-Ticket *  from: SRINGERI to: Pune PsngrName: Gabriel TripCode: 645SRIPun PNR No.: J26646664 JnyDate: 2015-08-17 DepTime: 6:45  SeatNo.: 32, 10, 49, 53, 54, 58  Class: AC chair  BoardingPt: SRINGERI Residency Road Txn Password: 3123 . Please carry your photo ID during journey. T&C apply. Visit  www.ksrtc.in"
info,"PNR:3753775534,TRAIN:23181,DOJ:2013-01-02,AC3,AAY-BGM,Dep:7:32, Josue,B6 70 , Fare:7027,SC:10.0+PG+INS"
ham,i will meet john adams in bangalore
ham,I have to catchup for dinner @ nite at his place
ham,lets meet 29th after diwali
info,"Repair ref.no for your car is JC53251731 opened on 2011-02-07 2:30hrs,ETD of your car is 2011-02-08 23:34hrs and est.repair amt is Rs.569 Rgds, True Value"
spam,Ur transaction on HDFC Bank CREDIT Card ending 7967 for Rs. 50.00 has been credited/reversed by GOOGLE *SERVICES on 2015-11-09:19:39:04
info,"[Cranks] Hi Joseph, your reservation is confirmed for 14 people on 2012-01-20 at 11:32. We can hold your table for a maximum of 38 mins."
info,Aryan Auto Agency : Service of your car KA17O3152 is due in 56 days on 2009-10-20. Please contact us at 9883247244 to book a service.
spam,"Roaming Info: Opt for International Roaming packs & enjoy unlimited free incoming calls, lots of data and free calls to India. Packs start at Rs.649. To activate, call 9380809983 (International Tollfree) or click www.airtel.in/ir (data charges apply). Now roam freely without fear of bill shocks."
ham,meeting is @ sharp 4am
spam,Delivered: Your package withZoook ZB-Rocker-2 Wireless Blue...was successfully delivered. More info at http://amazon.com/cBfWh1e
info,"* KSRTC m-Ticket *  from: KOLAR to: MANTRALAYA PsngrName: Steven TripCode: 2230KOLMAN PNR No.: J79219391 JnyDate: 2013-07-04 DepTime: 22:30  SeatNo.: 34, 35, 9, 48, 18, 20  Class: Non-AC chair  BoardingPt: KOLAR Rly Station Txn Password: 4434 . Please carry your photo ID during journey. T&C apply. Visit  www.ksrtc.in"
spam,"Dear Air India Customer, flight 1Y287 from MAA shall be boarding from gate 25A. Boarding gate closes29 mins prior to the departure time."
info,Thank you for using your HDFC bank Debitcard ending 1464 for Rs. 1260.00 in Mysuru at Snapdeal on 2011-06-26 5:46
ham,drop off mary to john's home
spam,"Dear JET Airways Customer, flight 8U768 from ISK shall be boarding from gate 14G. Boarding gate closes5 mins prior to the departure time."
ham,wish nishu happy birthday
spam,"Dear INDIGO Customer, flight 2E831 from ATQ shall be boarding from gate 12P. Boarding gate closes3 mins prior to the departure time."
spam,"Greetings, Snapdeal wishes you a Happy Onam."
info,"Dear Guest, Thanks for choosing Ann 's Diner. Order ID 2886. Delivery by 2011-02-05 12:39. Enjoy 9% discount on your next purchase. Code MLT2EV. T&C."
ham,hey lets hv lunch together.
spam,"Dear Customer, You have made a Debit Card purchase of INR35.00 on 15 Mar. Info.IPS*GREEN NEST . Your Net Available Balance is INR 38,449.46."
spam,"Dear customer, We wish you a Merry Christmas. Thanks for being a Maha Veer Auto Agency customer."
info,"[Keens Steakhouse] Hi Drake, your reservation is confirmed for 20 people on 2015-02-16 at 20:14. We can hold your table for a maximum of 43 mins."
info,"* KSRTC m-Ticket *  from: CHITRADURGA to: COONUR PsngrName: Brandon TripCode: 827CHICOO PNR No.: J91278491 JnyDate: 2011-12-11 DepTime: 8:27  SeatNo.: 48, 32, 50, 54, 57  Class: Non-AC chair  BoardingPt: CHITRADURGA Rly Station Txn Password: 8477 . Please carry your photo ID during journey. T&C apply. Visit  www.ksrtc.in"
spam,"Greetings, Aryan Auto Agency wishes you a Happy Onam."
info,"Thank you for choosing Meru for 2014-07-20 at 3:29. Cab:KA43N2224 , Chauffer: Kevin, Cell: 9652427344 will reach you. T&C apply, visit www.Meru.com"
ham,pay mortgage tomorrow
info,Bill dated 2011-04-19 for Rs 978 has been generated for your Jio fixedline/broadband relationship no. 41367851. The same will reach you by 2011-04-22. Due date: 2011-05-04.
info,Appointment with Dr Levi in SRIHARIKOTA on 2012-07-10 at 7:35 is confirmed. For queries call 1800 8236 7345. Your appt. might get delayed in case the doctor is attending an emergency.
spam,"Dear Customer, You have made a Debit Card purchase of INR147.00 on 15 Apr. Info.IPS*HYPERCITY R. Your Net Available Balance is INR 43,993.58."
info,Aryan Auto Agency : Service of your car KA16L3362 is due in 65 days on 2012-02-06. Please contact us at 9125288666 to book a service.
spam,Delivered: Your package with4M IA260166375 Auto Specialty Tyre Dresser (250 ml)was successfully delivered. More info at http://shopclues.com/cBfWh1e
ham,meeting is from 11am to 12 noon tomorrow
ham,Ha ha..thnx buddy
spam,"Dear Customer, You have made a Debit Card purchase of INR479.20 on 29 Mar. Info.IIN*I-Debit*Ama. Your Net Available Balance is INR 1,02,445.73."
info,"PNR:4628448886,TRAIN:23277,DOJ:2015-06-08,SL,BF-BTJ,Dep:9:52, Drew,S9 73 , Fare:4627,SC:10.0+PG+INS"
ham,birthday party on wed
info,"Dear Guest, Thanks for choosing Steiny's Pub. Order ID 2566. Delivery by 2010-05-20 11:26. Enjoy 14% discount on your next purchase. Code JQYQRS. T&C."
info,True Value : Service of your car KA15X7517 is due in 63 days on 2013-05-24. Please contact us at 9182877357 to book a service.
info,"Hi Customer, Booking ID: WW6D7WK. Seats: SILVER-L12,L13,L14,L15, 4 seat(s) for 10 Cloverfield Lane on 2010-04-06 8:41 at PVR: Arena Mahadevapura, Bengaluru. Please carry your CC/DC card which was used for booking tickets."
info,The PNR for your Air India Flt 7D884 for BHU-BLR on 2014-02-15 at 17:35 hrs  is M14BJ6. Tip: Check PNR status and book using MakeMyTrip App!. Thank you.
spam,"Dear Customer, with reference to the Service request no. 69554370 on your Airtel Mobile, no action could be taken as the call/SMS reported by you was found to be of service/non-promotional in nature. If you are not satisfied with the resolution, contact 198 or Appellate to raise an appeal. For more details, visit www.airtel.in/mobile/prepaid/reach-airtel/mobile-customersupport/"
ham,What date you are coming to Goa?
info,"PNR:5114184441,TRAIN:24456,DOJ:2014-05-28,SL,BSAE-BVQ,Dep:12:40, Colin,S7 15 , Fare:7800,SC:10.0+PG+INS"
info,"Dear Guest, Thanks for choosing Eram Grand Hotel. Order ID 7857. Delivery by 2012-07-30 7:43. Enjoy 21% discount on your next purchase. Code W6HISC. T&C."
info,YourBus (KOLAR-Mangaluru 3:27) left  Goragunte Palya at 4:27 approx. It is running as per schedule.Track YourBus at http://goo.gl/R0m5jx
ham,"abhanshu, mary and tom will meet in ccd"
ham,Transportation assistance to a neighboring community. Will no after visiting with Jamila?
info,The PNR for your SPICE JET Flt 4N334 for HYD-VGA on 2015-06-16 at 2:26 hrs  is LCLHZZ. Tip: Check PNR status and book using MakeMyTrip App!. Thank you.
ham,remind me to see the doctor next month
spam,OTP is 263817 for the txn of INR 17881.00 at AMAZON SELLER SERVICES on your HDFC bank CREDIT card ending with 7433. Valid till 3:31:34. Do not share the OTP with anyone for security reasons
spam,Delivered: Your package withNetgear WN3000RP-20..was successfully delivered. More info at http://patm.com/cBfWh1e
ham,Hi..I have to talk to you about something urgent. When can I call you?
spam,Delivered: Your package withYour Money or Your Life: 9 Step...was successfully delivered. More info at http://jabong.com/cBfWh1e
ham,check the emails received before 4pm
spam,"EMI FREE-Cash""OD""upto-20Lac From""BAJAJ""only @RS-42 per DAY% &amp; % will charge only on uses amount&amp; PL bryanmarshall@outlook.com% with same day disbursal,cal@ 8658649477-DEEPAK"
info,"Dear Guest, Thanks for choosing Piccadilly Pub. Order ID 7667. Delivery by 2013-06-02 14:44. Enjoy 1% discount on your next purchase. Code L4XWK2. T&C."
info,The PNR for your AirAsia Flt 5H146 for LKO-TRZ on 2010-08-16 at 19:17 hrs  is RU5TUS. Tip: Check PNR status and book using MakeMyTrip App!. Thank you.
spam,Get benefits on multiple categories near you. Register all your cards on the OneAssist App http://bit.ly/29zWTvx and view exclusive benefits on your cards.
ham,i have an appointment with dr. shastri tomorrow evening
info,The PNR for your INDIGO Flt 1G123 for BUP-ISK on 2014-07-28 at 15:49 hrs  is O9U9PF. Tip: Check PNR status and book using MakeMyTrip App!. Thank you.
ham,call john between 5 and 7 on thursday evenings
info,"Thank you for choosing Ola for 2013-01-02 at 15:34. Cab:KA15V8853 , Chauffer: Landen, Cell: 9783525374 will reach you. T&C apply, visit www.Ola.com"
info,"Welcome to EMPIRE BK R.No. 515, 182, 175 Ch.In 2012-07-14 9:11 Ch.out 2012-08-09 12:00."
info,"[Yonah Shimmel 's Knish Bakery] Hi Isaac, your reservation is confirmed for 1 people on 2014-11-14 at 0:33. We can hold your table for a maximum of 17 mins."
info,The PNR for your JET Airways Flt 7D662 for LDA-BHJ on 2012-02-11 at 14:38 hrs  is HDBQ0L. Tip: Check PNR status and book using MakeMyTrip App!. Thank you.
info,"Thank you for choosing taxiforsure for 2015-02-10 at 2:30. Cab:KA54U6842 , Chauffer: Peyton, Cell: 9831674543 will reach you. T&C apply, visit www.taxiforsure.com"
info,Maha Veer Auto Agency : Service of your car KA63R5134 is due in 51 days on 2011-10-16. Please contact us at 9274282828 to book a service.
ham,meet john for weeks in march in london
ham,electricity bill deadline is 4th
spam,"Dear JET Airways Customer, flight 6Z263 from KTU shall be boarding from gate 2Y. Boarding gate closes29 mins prior to the departure time."
info,"Welcome to Prima Tower Revolving Restaurant R.No. 571, 315, 116 Ch.In 2012-12-03 4:12 Ch.out 2012-12-09 12:00."
ham,Evening@five past 5
spam,OTP is 355567 for the txn of INR 2479.00 at Uber on your SBI bank CREDIT card ending with 1322. Valid till 8:31:17. Do not share the OTP with anyone for security reasons
ham,Hey have you paid this month's money to our cook?
info,"[Pie Face] Hi Joshua, your reservation is confirmed for 7 people on 2009-09-24 at 16:27. We can hold your table for a maximum of 43 mins."
spam,OTP is 127118 for the txn of INR 13830.00 at Aryan Auto Agency on your HDFC bank CREDIT card ending with 1274. Valid till 20:19:29. Do not share the OTP with anyone for security reasons
info,"Dear Guest, Thanks for choosing Handel 's Homemade Ice Cream and Yogurt. Order ID 8473. Delivery by 2013-03-08 10:22. Enjoy 7% discount on your next purchase. Code LBPFBJ. T&C."
info,Bill dated 2011-04-28 for Rs 1122 has been generated for your Airtel fixedline/broadband relationship no. 83527458. The same will reach you by 2011-05-01. Due date: 2011-05-13.
info,Maha Veer Auto Agency : Service of your car KA58X5263 is due in 14 days on 2011-12-12. Please contact us at 9355717625 to book a service.
ham,Let's meet for 30 min every Fri at 6PM for the next three months
info,"Welcome to River mouth R.No. 145, 564, 113 Ch.In 2013-08-21 16:51 Ch.out 2013-09-13 12:00."
ham,"Hello Sir,I will be meeeting ur family tomorrow."
info,"Hi Customer, Booking ID: WOVZYZ9. Seats: PLATINUM-F7,F8,F9,F10,F11,F12, 6 seat(s) for Hacksaw Ridge on 2010-10-05 23:47 at Fun Cinemas: Sigma Mall, Bengaluru. Please carry your CC/DC card which was used for booking tickets."
spam,Want to become a Gourmet Chef? Presenting BigBasket HappyChef. Now you can cook world class gourmet meals at home in minutes. Visit: http://goo.gl/w89anh
ham,Mahatma Gandhi Memorial Medical College
info,"* KSRTC m-Ticket *  from: SRIKALAHASTI to: Mangaluru PsngrName: Derrick TripCode: 1823SRIMan PNR No.: J94148548 JnyDate: 2011-02-14 DepTime: 18:23  SeatNo.: 52, 6  Class: AC Sleeper  BoardingPt: SRIKALAHASTI Residency Road Txn Password: 5574 . Please carry your photo ID during journey. T&C apply. Visit  www.ksrtc.in"
spam,Delivered: Your package withNikon AF-S DX Nikkor 35mm f/1.9...was successfully delivered. More info at http://myantra.com/cBfWh1e
spam,"Rs.1178.56 was spent on ur HDFCBank CREDIT Card ending 7967 on 2015-10-24:17:45:49 at M K RETAIL COMPANY.Avl bal - Rs.84761.44, curr o/s - Rs.40238.56"
ham,Want to go to the movies next Tuesday?
ham,i will get the order on the 14th
ham,I guess I'll go too then
spam,"HBAC1, DHARMSHEELA, ORDER# TT437079973."
info,"Hi Customer, Booking ID: WEKK90A. Seats: GOLD-E1,E2,E3,E4, 4 seat(s) for Star Trek Beyond on 2009-10-27 13:11 at Cauvery Theatre: Sankey Road. Please carry your CC/DC card which was used for booking tickets."
info,Appointment with Dr Nathan in KOTTAYAM on 2013-04-21 at 0:10 is confirmed. For queries call 1800 6635 1446. Your appt. might get delayed in case the doctor is attending an emergency.
ham,i will be in london on 18th. meet john there
info,"Thank you for choosing Meru for 2010-03-24 at 7:20. Cab:KA27A8341 , Chauffer: Elias, Cell: 9713364438 will reach you. T&C apply, visit www.Meru.com"
ham,ok I will only call him and invite for the party :)
info,"PNR:8533528138,TRAIN:1155,DOJ:2009-11-27,FC,UMN-BTE,Dep:14:29, Aiden,F9 50 , Fare:9752,SC:10.0+PG+INS"
ham,In meeting. Urgent?
info,"Dear Guest, Thanks for choosing Big Daddy 's Restaurants. Order ID 2232. Delivery by 2012-10-27 10:51. Enjoy 9% discount on your next purchase. Code V1NVDS. T&C."
spam,"Dear AirAsia Customer, flight 8S183 from SXV shall be boarding from gate 5Z. Boarding gate closes18 mins prior to the departure time."
info,The PNR for your JET Airways Flt 5O665 for COK-IXM on 2012-11-12 at 6:20 hrs  is AU3NM3. Tip: Check PNR status and book using MakeMyTrip App!. Thank you.
spam,"Dear SPICE JET Customer, flight 1L314 from TRV shall be boarding from gate 15V. Boarding gate closes9 mins prior to the departure time."
spam,"Dear Customer, thank you for your interest in airtel postpaid. Kindly call our executive SATISHKUMAR - 9049454429 for document pickup"
info,"Thank you for choosing Meru for 2010-04-17 at 18:41. Cab:KA76B7516 , Chauffer: Gabriel, Cell: 9434472236 will reach you. T&C apply, visit www.Meru.com"
ham,i will be going to usa from 9th july to 21st july
info,"Dear Guest, Thanks for choosing Narmafzar Tower. Order ID 8444. Delivery by 2011-01-24 22:20. Enjoy 28% discount on your next purchase. Code JWRIIP. T&C."
ham,Remember that turn off the lights next Saturday
spam,OTP is 768525 for the txn of INR 16592.00 at Ebay on your HDFC bank CREDIT card ending with 8687. Valid till 9:19:28. Do not share the OTP with anyone for security reasons
info,Thank you for using your HDFC bank CREDITcard ending 4131 for Rs. 1896.00 in CHIKKAMAGALURU at AMAZON SELLER SERVICES on 2011-04-07 7:57
info,"* KSRTC m-Ticket *  from: PONDICHERRY to: Shirdi PsngrName: Wyatt TripCode: 1614PONShi PNR No.: J46383377 JnyDate: 2014-10-06 DepTime: 16:14  SeatNo.: 24, 11, 34, 3  Class: AC chair  BoardingPt: PONDICHERRY MG Road Txn Password: 7527 . Please carry your photo ID during journey. T&C apply. Visit  www.ksrtc.in"
info,YourBus (Chennai-CHANNARAYAPATNA 5:30) left  Agara Flyover at 6:30 approx. It is running as per schedule.Track YourBus at http://goo.gl/R0m5jx
info,"Hi Customer, Booking ID: WM7DZBI. Seats: STANDARD-I4,I5,I6,I7,I8,I9, 6 seat(s) for Trolls on 2010-01-06 12:39 at The Cinema GT World: Magadi Rd, Bengaluru. Please carry your CC/DC card which was used for booking tickets."
ham,will let u know in a minute
ham,Dungeons & Dragons tonight at Ron's house starting at 7 p.m. until midnight
info,Bill dated 2014-01-17 for Rs 605 has been generated for your Aircel fixedline/broadband relationship no. 77883162. The same will reach you by 2014-01-20. Due date: 2014-02-01.
info,YourBus (Chennai-PUTTAPARTHI 11:56) left  Dairy Circle at 12:56 approx. It is running as per schedule.Track YourBus at http://goo.gl/R0m5jx
info,"[Garden Grill] Hi Johnny, your reservation is confirmed for 19 people on 2010-06-25 at 9:22. We can hold your table for a maximum of 6 mins."
info,Appointment with Dr Jaiden in AGUMBE on 2011-09-25 at 17:37 is confirmed. For queries call 1800 6347 5874. Your appt. might get delayed in case the doctor is attending an emergency.
spam,"Dear SPICE JET Customer, flight 8Z864 from JRH shall be boarding from gate 2P. Boarding gate closes23 mins prior to the departure time."
spam,Account notification: The password for your Google Account derekhughes565@gmail.com was recently changed. google.com/password
ham,call john on next 12th after 12:30 am
ham,meet from 12pm till evening
spam,OTP is 438575 for the txn of INR 1811.00 at Ola on your HDFC bank Debit card ending with 7477. Valid till 16:24:18. Do not share the OTP with anyone for security reasons
spam,"Dear customer, We wish you a Happy Holi. Thanks for being a ShopClues customer."
info,"* KSRTC m-Ticket *  from: SAGAR to: Kozhikode PsngrName: Elias TripCode: 1231SAGKoz PNR No.: J93099767 JnyDate: 2010-12-22 DepTime: 12:31  SeatNo.: 35, 36, 7, 40, 15, 16, 49, 50, 31  Class: AC chair  BoardingPt: SAGAR Residency Road Txn Password: 2257 . Please carry your photo ID during journey. T&C apply. Visit  www.ksrtc.in"
ham,"Sounds good, how about 6pm?"
info,YourBus (NELLORE-SRIHARIKOTA 22:58) left  Bannerghatta Road at 23:58 approx. It is running as per schedule.Track YourBus at http://goo.gl/R0m5jx
ham,def. Where and when
spam,"Dear JET Airways Customer, flight 6U258 from BEP shall be boarding from gate 8Z. Boarding gate closes24 mins prior to the departure time."
spam,"Dear customer, We wish you a Happy Vasant Panchami. Thanks for being a Air India customer."
ham,Next wed..Sorry :P
info,Bill dated 2014-10-01 for Rs 931 has been generated for your Docomo fixedline/broadband relationship no. 71631344. The same will reach you by 2014-10-04. Due date: 2014-10-16.
info,"Thank you for choosing taxiforsure for 2010-08-11 at 11:31. Cab:KA47Y8865 , Chauffer: Trey, Cell: 9776488761 will reach you. T&C apply, visit www.taxiforsure.com"
spam,"Dear customer, We wish you a Merry Christmas. Thanks for being a YES Bank customer."
spam,"Dear JET Airways Customer, flight 1F543 from CCJ shall be boarding from gate 2I. Boarding gate closes9 mins prior to the departure time."
ham,oh yeah we can talk at 5pm. its about that one girl who really likes you
spam,Delivered: Your package withChina Maid Laundry bag for keeping your dirty cloths.was successfully delivered. More info at http://ebay.com/cBfWh1e
ham,okk done..c u there at 6pm
ham,meet mary in front of ccd in koramangala tmrw evening
info,Thank you for using your SBI bank Debitcard ending 2213 for Rs. 2223.00 in Dharmastala at Snapdeal on 2013-05-18 14:44
spam,"Dear Customer, acct XX5278 is credited with Rs.500.00 on 05-Mar-17 from anujkmishra@upi. UPI Ref no 978440286795"
ham,meeting on every friday afternoon from 2:00pm to 4:00pm
spam,"Dear customer, We wish you a Happy Muharram. Thanks for being a Uber customer."
ham,I heard that Aalamgeer & Aieeda are getting married next month.
ham,bring files to office
info,"* KSRTC m-Ticket *  from: NELLORE to: AGUMBE PsngrName: Julio TripCode: 452NELAGU PNR No.: J14805508 JnyDate: 2013-04-05 DepTime: 4:52  SeatNo.: 24, 17  Class: AC Sleeper  BoardingPt: NELLORE Bus Stand Road Txn Password: 6657 . Please carry your photo ID during journey. T&C apply. Visit  www.ksrtc.in"
info,"Repair ref.no for your car is JC53218863 opened on 2015-01-15 15:39hrs,ETD of your car is 2015-01-16 13:52hrs and est.repair amt is Rs.2059 Rgds, Maha Veer Auto Agency"
spam,Delivered: Your package withSurf Excel Matic Front Load Deterge... and 2 other itemswas successfully delivered. More info at http://amazon.com/cBfWh1e
ham,art museum will be opened for public from 5th onwards for 10 days
info,YourBus (MANDYA-SAGAR 7:21) left  Bellandur at 8:21 approx. It is running as per schedule.Track YourBus at http://goo.gl/R0m5jx
info,"Hi Customer, Booking ID: W42JX2S. Seats: GOLD-B15,B16,B17,B18, 4 seat(s) for Moana on 2015-01-10 5:18 at Cinepolis: Royal Meenakshi Mall. Please carry your CC/DC card which was used for booking tickets."
info,"[S and M Cafe] Hi Andres, your reservation is confirmed for 11 people on 2014-04-24 at 10:44. We can hold your table for a maximum of 18 mins."
ham,Tom is coming during January
spam,Delivered: Your package withArtificial Intelligence: A Modern Approachwas successfully delivered. More info at http://flipkart.com/cBfWh1e
spam,"Greetings, INDIGO wishes you a Happy Gandhi Jayanti."
ham,Enquire in Bangalore
spam,Cheer out loud for India! Enjoy the nail biting match while we deliver dinner to you at flat 10% off. Use code INDIA. Order right away goo.gl/mWgvjP *T&C.
spam,"Dear Customer, Your Ac XXXXXXXX9978 is credited with INR20,000.00 on 18 Jul. Info.INF*983286389349*LOAN MIHIR. Your Net Available Balance is INR22,738.77."
info,"Thank you for choosing AirportTaxi for 2012-03-03 at 17:25. Cab:KA14G8433 , Chauffer: Jalen, Cell: 9746851124 will reach you. T&C apply, visit www.AirportTaxi.com"
ham,"Sorry sorry, Julie is not coming actually"
info,"Hi Customer, Booking ID: WWXYHVF. Seats: PLATINUM-K2,K3,K4,K5,K6,K7, 6 seat(s) for 10 Cloverfield Lane on 2009-08-24 5:22 at Cinepolis: Royal Meenakshi Mall. Please carry your CC/DC card which was used for booking tickets."
spam,"Dear customer, We wish you a Happy Independence day. Thanks for being a UCO Bank customer."
spam,Delivered: Your package with4m Long Super Strong Emergency Heavy Duty Car Tow Cable 3 T...was successfully delivered. More info at http://flipkart.com/cBfWh1e
spam,Love Cheese?Then use code KZCHZ & get BOGO on cheeseria(veg/paneer/chicken)at kaatizone.com.Free Home delivery for orders above Rs.250.Order now - kaatizone.com
info,YourBus (Pune-KOTTAYAM 14:51) left  Domlur Flyover at 15:51 approx. It is running as per schedule.Track YourBus at http://goo.gl/R0m5jx
spam,OTP is 838162 for the txn of INR 16570.00 at Air India on your SBI bank CREDIT card ending with 8655. Valid till 9:39:18. Do not share the OTP with anyone for security reasons
ham,Hey what time are we heading to SJ tomorrow?
ham,he will come at 6pm
info,"Repair ref.no for your car is JC85575118 opened on 2011-01-17 23:22hrs,ETD of your car is 2011-01-18 1:17hrs and est.repair amt is Rs.193 Rgds, Bimal Auto Agency"
info,"Repair ref.no for your car is JC42363556 opened on 2010-12-08 17:54hrs,ETD of your car is 2010-12-09 7:14hrs and est.repair amt is Rs.1168 Rgds, Hyundai Auto Agency"
ham,pick up john from school at 4 p.m
spam,"Dear AirAsia Customer, flight 4V247 from SUN shall be boarding from gate 11G. Boarding gate closes25 mins prior to the departure time."
spam,Delivered: Your package withThe Three Little Pigs (First Fav... and 1 other itemwas successfully delivered. More info at http://patm.com/cBfWh1e
ham,I have to check on Harry abt his well being after breakfast
ham,Lets plan a trip to goa.
ham,lets meet 2 days after 6
ham,i am meeting john in the office tomorrow
ham,meet mary before office
ham,Hey...Can u gimme a drop to Deepak's Place?
spam,"Dear SPICE JET Customer, flight 1I781 from DHM shall be boarding from gate 8G. Boarding gate closes18 mins prior to the departure time."
info,"Hi Customer, Booking ID: W0G4WLS. Seats: PLATINUM-G11, 1 seat(s) for Star Trek Beyond on 2013-12-31 1:15 at Gopalan Cinemas: Arcade Mall, Mysore Road. Please carry your CC/DC card which was used for booking tickets."
ham,i should meet the dentist @ sharp 6 in the evening
info,"Hi Customer, Booking ID: WOIU514. Seats: SILVER-N15,N16,N17,N18,N19, 5 seat(s) for X-Men: Apocalypse on 2012-08-08 4:16 at PVR: Orion Gold, Rajajinagar. Please carry your CC/DC card which was used for booking tickets."
info,Thank you for using your SBI bank Debitcard ending 3854 for Rs. 1665.00 in THIRUNALLAR at Askme on 2011-01-06 3:29
info,"Thank you for choosing Ola for 2010-04-16 at 8:23. Cab:KA32E5746 , Chauffer: Ryan, Cell: 9734258743 will reach you. T&C apply, visit www.Ola.com"
ham,pick up tuxedos Saturday
ham,Fashion Week at at 11
ham,meet john on every single day
ham,Okay now do not be a spoilsport. We can party after 7 PM..
info,"Dear Guest, Thanks for choosing Teppanyaki Steakhouse. Order ID 7463. Delivery by 2011-02-09 17:46. Enjoy 16% discount on your next purchase. Code PZYYVQ. T&C."
info,"* KSRTC m-Ticket *  from: KOLAR GOLD FIELD to: Dharmastala PsngrName: Joshua TripCode: 934KOLDha PNR No.: J56380079 JnyDate: 2013-01-01 DepTime: 9:34  SeatNo.: 4, 13, 15, 51, 52, 26  Class: Non-AC chair  BoardingPt: KOLAR GOLD FIELD Residency Road Txn Password: 5542 . Please carry your photo ID during journey. T&C apply. Visit  www.ksrtc.in"
spam,"Greetings, ShopClues wishes you a Happy Republic Day."
ham,Can we attend Mr. Shastri's lecture on AlterEgo @ training room
spam,OTP is 872846 for the txn of INR 1991.00 at Ola on your HDFC bank Debit card ending with 4455. Valid till 2:22:32. Do not share the OTP with anyone for security reasons
info,YourBus (KOLAR-PUDUKOTAI 21:37) left  B T M Layout at 22:37 approx. It is running as per schedule.Track YourBus at http://goo.gl/R0m5jx
info,"* KSRTC m-Ticket *  from: Mumbai to: PONDICHERRY PsngrName: Mason TripCode: 111MumPON PNR No.: J69054076 JnyDate: 2011-11-22 DepTime: 1:11  SeatNo.: 41, 53  Class: AC chair  BoardingPt: Mumbai Bus Stand Road Txn Password: 1378 . Please carry your photo ID during journey. T&C apply. Visit  www.ksrtc.in"
ham,go to the movie on Sunday
info,"Repair ref.no for your car is JC63214156 opened on 2015-02-08 16:10hrs,ETD of your car is 2015-02-09 22:50hrs and est.repair amt is Rs.2684 Rgds, Bimal Auto Agency"
ham,"can you pls bring my suit from dry clean today before 8p.m., bcz by the time I'll reach there it will get close"
ham,I didn't get IT return money
ham,"Ok den I?ll call up the theatre, and find out about tickets on Friday morning."
info,"* KSRTC m-Ticket *  from: PONDICHERRY to: TRICHY PsngrName: Oscar TripCode: 046PONTRI PNR No.: J93010120 JnyDate: 2010-07-04 DepTime: 0:46  SeatNo.: 8, 23, 25, 27, 30, 31  Class: AC Sleeper  BoardingPt: PONDICHERRY Bus Stand Road Txn Password: 3455 . Please carry your photo ID during journey. T&C apply. Visit  www.ksrtc.in"
spam,Celebrate birthday parties at Papa John's. Packages @ Rs. 149* onward. Call us on 1800 3010 7272 to know more. *T&C Apply
ham,will meet for 48 hours
spam,"Greetings, Ebay wishes you a Happy Independence day."
info,Appointment with Dr Clayton in Puducherry on 2010-05-06 at 20:26 is confirmed. For queries call 1800 1752 3668. Your appt. might get delayed in case the doctor is attending an emergency.
info,YourBus (Shirdi-PALAKKAD 16:39) left  Agara Flyover at 17:39 approx. It is running as per schedule.Track YourBus at http://goo.gl/R0m5jx
ham,I'll call you later.
ham,look for direction to mumbai in maps
info,"Thank you for choosing radiocabs for 2012-01-30 at 13:22. Cab:KA57A7138 , Chauffer: Nicolas, Cell: 9165322465 will reach you. T&C apply, visit www.radiocabs.com"
spam,Delivered: Your package withSmarty Pet Soft padded Body Set...was successfully delivered. More info at http://snapdeal.com/cBfWh1e
ham,yeah what time is it again?
info,"Repair ref.no for your car is JC43736167 opened on 2014-12-09 10:33hrs,ETD of your car is 2014-12-10 12:46hrs and est.repair amt is Rs.2982 Rgds, Hyundai Auto Agency"
ham,next chemistry class is on tuesday 2-3pm
spam,"Greetings, Paytm SELLER SERVICES wishes you a Happy Marriage Anniversary."
spam,Delivered: Your package withPrestige PGMFB 800-Watt Grill Sandwich Toasterwas successfully delivered. More info at http://amazon.com/cBfWh1e
info,"Welcome to HOMETOWN BC R.No. 201, 124, 213 Ch.In 2010-08-12 13:39 Ch.out 2010-08-24 12:00."
ham,No . Its between u and my parents…
ham,lets meet after a month
spam,Delivered: Your package withFormula 1 Black Gold Tire Shine (680 ml)was successfully delivered. More info at http://patm.com/cBfWh1e
spam,Delivered: Your package withSri Low Quality Stainless Steel Blades With Safety Guard Dog Nail Clipper~was successfully delivered. More info at http://patm.com/cBfWh1e
info,"[Joe Muggs] Hi Stephen, your reservation is confirmed for 5 people on 2010-12-20 at 13:26. We can hold your table for a maximum of 10 mins."
ham,greet mary and her brother
ham,lets meet day after 23 oct
ham,meeting will be there at 5pm
ham,Can you pick me up from the airport on the 17th?
info,"Dear Guest, Thanks for choosing Haldiram 's. Order ID 3447. Delivery by 2010-11-01 10:53. Enjoy 19% discount on your next purchase. Code R5M4ON. T&C."
info,"Welcome to Biodynamic Massage salon R.No. 115, 193, 431, 463 Ch.In 2010-12-02 16:15 Ch.out 2010-12-18 12:00."
ham,ok.. then meet friday eveng at fossil-fuel power station
info,"Dear Guest, Thanks for choosing Dracula 's Cabaret Restaurant. Order ID 7187. Delivery by 2014-09-16 22:42. Enjoy 10% discount on your next purchase. Code EWXKD7. T&C."
ham,mary's birthday party on 12th. meet susan there
ham,may meet susan in may 2nd week
ham,Mary will meet me today at lunch
spam,Delivered: Your package withThe Official Guide to the GR...was successfully delivered. More info at http://shopclues.com/cBfWh1e
ham,Reply to rohini mail at 7:30pm
ham,I need to pick up few kg tomatoes while coming from office
info,"Welcome to varandah R.No. 307, 268 Ch.In 2009-10-29 2:48 Ch.out 2009-11-27 12:00."
info,"* KSRTC m-Ticket *  from: SAGAR to: PUDUKOTAI PsngrName: Victor TripCode: 1647SAGPUD PNR No.: J32944568 JnyDate: 2013-07-16 DepTime: 16:47  SeatNo.: 49, 10, 28, 52, 39  Class: Non-AC chair  BoardingPt: SAGAR Bus Stand Road Txn Password: 8351 . Please carry your photo ID during journey. T&C apply. Visit  www.ksrtc.in"
spam,OTP is 381871 for the txn of INR 4771.00 at SPICE JET on your ICICI bank Debit card ending with 7627. Valid till 20:24:48. Do not share the OTP with anyone for security reasons
spam,OTP is 333726 for the txn of INR 17204.00 at Maruti Auto Agency on your SBI bank CREDIT card ending with 5687. Valid till 16:42:23. Do not share the OTP with anyone for security reasons
info,"Hi Customer, Booking ID: WFCCPSF. Seats: PLATINUM-J10,J11,J12, 3 seat(s) for Hacksaw Ridge on 2013-07-10 6:42 at Innovative Multiplex: Marathahalli. Please carry your CC/DC card which was used for booking tickets."
info,"Repair ref.no for your car is JC38384445 opened on 2011-05-18 16:40hrs,ETD of your car is 2011-05-19 1:58hrs and est.repair amt is Rs.1351 Rgds, Lakshmi Auto Agency"
spam,"Greetings, UCO Bank wishes you a Happy Independence day."
info,Welcome to Go-Karts Plus R.No. 568 Ch.In 2011-07-16 14:27 Ch.out 2011-08-10 12:00.
ham,remind me to complete the assignment on time
ham,Plans for lunch?
spam,"Greetings, Docomo wishes you a Happy Holi."
ham,Hey..r u free tomorrow??
spam,Delivered: Your package withArtificial Intelligence: A Modern Approachwas successfully delivered. More info at http://amazon.com/cBfWh1e
info,"Welcome to Rooftop Building R.No. 242, 197, 535 Ch.In 2010-09-09 21:12 Ch.out 2010-10-01 12:00."
ham,lets meet on morning after chuseok
ham,remind me to turn on the geysor every morning at 6
info,"Hi Customer, Booking ID: W3ZVNCN. Seats: PLATINUM-N13,N14,N15,N16,N17,N18,N19, 7 seat(s) for Ice Age: Collision Course on 2015-01-27 10:48 at Rex Theatre: Brigade Road. Please carry your CC/DC card which was used for booking tickets."
spam,Delivered: Your package withWise and Otherwisewas successfully delivered. More info at http://myantra.com/cBfWh1e
ham,Tom told no to her
ham,Hey..remember we have to attend Khushi's party tomorrow..
ham,"sure, when is a good time?"
ham,Ya he is working hard to get in top 10.
spam,"Consult our expert Dr.Veena(34 years of experience in Gynaecology) from Mon to Sat,5pm-6.30pm for Rs.500 only at Apollo Clinic Indiranagar. Call 080-39202237/15"
info,YourBus (ALIKE-HUNDIMALA 4:25) left  Chamarajpet at 5:25 approx. It is running as per schedule.Track YourBus at http://goo.gl/R0m5jx
info,Aryan Auto Agency : Service of your car KA54X4444 is due in 11 days on 2011-04-10. Please contact us at 9454571531 to book a service.
spam,Delivered: Your package withAutofurnish Magnetic Sun Shades for Tata Safari Storm...was successfully delivered. More info at http://myantra.com/cBfWh1e
info,Aryan Auto Agency : Service of your car KA17H2116 is due in 67 days on 2014-06-25. Please contact us at 9863256827 to book a service.
ham,ok I will call her.
info,"* KSRTC m-Ticket *  from: Madurai to: KARAIKUDI PsngrName: Caden TripCode: 339MadKAR PNR No.: J93970558 JnyDate: 2010-01-12 DepTime: 3:39  SeatNo.: 45, 15, 17, 50, 19, 20, 56  Class: Non-AC Sleeper  BoardingPt: Madurai Residency Road Txn Password: 7837 . Please carry your photo ID during journey. T&C apply. Visit  www.ksrtc.in"
ham,I'll be in london this day next year.
info,Appointment with Dr Damien in KASARGOD on 2011-07-28 at 3:21 is confirmed. For queries call 1800 8721 1518. Your appt. might get delayed in case the doctor is attending an emergency.
ham,i will call john on monday night at 12am in office
info,"* KSRTC m-Ticket *  from: KOLAR to: THRISSUR PsngrName: Adrian TripCode: 2243KOLTHR PNR No.: J38748795 JnyDate: 2010-05-18 DepTime: 22:43  SeatNo.: 56, 49, 58, 31  Class: AC Sleeper  BoardingPt: KOLAR Rly Station Txn Password: 4422 . Please carry your photo ID during journey. T&C apply. Visit  www.ksrtc.in"
spam,OTP is 187566 for the txn of INR 12964.00 at Jabong on your SBI bank CREDIT card ending with 4664. Valid till 23:32:37. Do not share the OTP with anyone for security reasons
ham,Call Pitaji once...
info,"Repair ref.no for your car is JC64374562 opened on 2013-01-03 3:22hrs,ETD of your car is 2013-01-04 10:33hrs and est.repair amt is Rs.2414 Rgds, Maruti Auto Agency"
ham,I need to drop off the luggage by EOD
ham,Tom's father is Harper's son.
info,"PNR:4664775546,TRAIN:12135,DOJ:2011-08-19,AC3,BGAE-BHET,Dep:1:11, Dillon,B2 59 , Fare:6318,SC:10.0+PG+INS"
info,"Hi Customer, Booking ID: WXAA8KE. Seats: GOLD-H11,H12,H13, 3 seat(s) for Allegiant on 2014-08-02 20:52 at INOX: Garuda Swagath Mall, Jayanagar. Please carry your CC/DC card which was used for booking tickets."
ham,lets have lunch tmrw
info,"Hi Customer, Booking ID: WC9327I. Seats: PLATINUM-J3,J4,J5, 3 seat(s) for Independence Day: Resurgence on 2011-09-17 10:39 at Gopalan Cinemas: Arcade Mall, Mysore Road. Please carry your CC/DC card which was used for booking tickets."
info,"[Oomassa] Hi Jeremy, your reservation is confirmed for 14 people on 2014-03-02 at 9:12. We can hold your table for a maximum of 23 mins."
ham,congratulate ram for his first job
spam,OTP is 211787 for the txn of INR 4742.00 at Askme on your SBI bank Debit card ending with 3147. Valid till 22:41:30. Do not share the OTP with anyone for security reasons
spam,OTP is 883385 for the txn of INR 16104.00 at AirportTaxi on your SBI bank Debit card ending with 7723. Valid till 13:19:37. Do not share the OTP with anyone for security reasons
info,"Thank you for choosing taxiforsure for 2011-01-16 at 22:46. Cab:KA71G1667 , Chauffer: Martin, Cell: 9561781322 will reach you. T&C apply, visit www.taxiforsure.com"
info,The PNR for your INDIGO Flt 6H172 for DIB-PAB on 2010-04-13 at 22:16 hrs  is Q7XEUQ. Tip: Check PNR status and book using MakeMyTrip App!. Thank you.
info,Bimal Auto Agency : Service of your car KA13R5864 is due in 41 days on 2011-02-11. Please contact us at 9511463762 to book a service.
spam,Delivered: Your package withuBall Lappie Piano ..was successfully delivered. More info at http://jabong.com/cBfWh1e
info,Aryan Auto Agency : Service of your car KA76I4332 is due in 52 days on 2014-10-31. Please contact us at 9217337651 to book a service.
ham,electricity bill has to be paid on or before 4th
info,"Dear Guest, Thanks for choosing Hillbilly 's. Order ID 8168. Delivery by 2009-09-26 20:52. Enjoy 4% discount on your next purchase. Code HQ27BI. T&C."
ham,doctors today at 4:15
info,Bill dated 2010-06-27 for Rs 249 has been generated for your Jio fixedline/broadband relationship no. 11648757. The same will reach you by 2010-06-30. Due date: 2010-07-12.
ham,noo!! She is still confused
ham,want to meet u buddy…..
spam,Trip tracking details for cab KA91z9879 booked by devon garcia: Trip InProgress:
spam,Delivered: Your package withZoook ZB-Rocker-2 Wireless B...was successfully delivered. More info at http://shopclues.com/cBfWh1e
info,"PNR:4882526261,TRAIN:5177,DOJ:2011-03-15,SL,BQN-BKU,Dep:22:24, Ethan,S9 73 , Fare:4252,SC:10.0+PG+INS"
ham,At their hometown kerla..
info,Thank you for using your HDFC bank CREDITcard ending 3121 for Rs. 213.00 in OOTY at Snapdeal on 2013-09-13 8:17
spam,OTP is 218121 for the txn of INR 11195.00 at JET Airways on your ICICI bank CREDIT card ending with 2131. Valid till 0:43:37. Do not share the OTP with anyone for security reasons
spam,"Greetings, AMAZON SELLER SERVICES wishes you a Happy New Year."
spam,Cannot process request. Your mobile number is already registered. TID :34483284653
info,The PNR for your SPICE JET Flt 4M882 for IXE-BEP on 2012-05-05 at 21:43 hrs  is KQXPQO. Tip: Check PNR status and book using MakeMyTrip App!. Thank you.
ham,my credit card bill is due on 21st
info,YourBus (KOLAR GOLD FIELD-Shivamogga 1:17) left  Dairy Circle at 2:17 approx. It is running as per schedule.Track YourBus at http://goo.gl/R0m5jx
info,YourBus (KODAIKANAL-SECUNDERABAD 9:16) left  Electronic City at 10:16 approx. It is running as per schedule.Track YourBus at http://goo.gl/R0m5jx
spam,"Dear INDIGO Customer, flight 3Y131 from BKB shall be boarding from gate 13G. Boarding gate closes8 mins prior to the departure time."
info,"Dear Guest, Thanks for choosing Hard Rock Cafe. Order ID 8586. Delivery by 2011-10-14 9:40. Enjoy 20% discount on your next purchase. Code LEP7A8. T&C."
spam,Delivered: Your package with99 Digitals Dual USB Universal Car Charger 2.1Amp For iPhon...was successfully delivered. More info at http://myantra.com/cBfWh1e
info,"Thank you for choosing ucabs for 2013-02-04 at 7:46. Cab:KA62H2556 , Chauffer: Peyton, Cell: 9328858478 will reach you. T&C apply, visit www.ucabs.com"
spam,OTP is 516831 for the txn of INR 12536.00 at Ola on your AXIS bank CREDIT card ending with 7621. Valid till 11:22:32. Do not share the OTP with anyone for security reasons
info,Bill dated 2011-08-31 for Rs 815 has been generated for your Aircel fixedline/broadband relationship no. 84786764. The same will reach you by 2011-09-03. Due date: 2011-09-15.
info,"* KSRTC m-Ticket *  from: Hyderabad to: Bengaluru PsngrName: Shane TripCode: 1153HydBen PNR No.: J68186831 JnyDate: 2015-07-30 DepTime: 11:53  SeatNo.: 1, 36, 38, 9, 17, 50, 52  Class: Non-AC Sleeper  BoardingPt: Hyderabad MG Road Txn Password: 2773 . Please carry your photo ID during journey. T&C apply. Visit  www.ksrtc.in"
spam,Delivered: Your package withArriving by End of Day: Order#..2308was successfully delivered. More info at http://amazon.com/cBfWh1e
spam,OTP is 284168 for the txn of INR 5361.00 at Myantra on your ICICI bank Debit card ending with 7411. Valid till 16:42:50. Do not share the OTP with anyone for security reasons
spam,Delivered: Your package withPhilips Beard Trimmer Cordless for Men QT4001/15was successfully delivered. More info at http://myantra.com/cBfWh1e
info,"Thank you for choosing radiocabs for 2010-12-17 at 13:33. Cab:KA28W5467 , Chauffer: Joseph, Cell: 9175757221 will reach you. T&C apply, visit www.radiocabs.com"
spam,OTP is 323143 for the txn of INR 17546.00 at Bimal Auto Agency on your ICICI bank Debit card ending with 1885. Valid till 11:16:40. Do not share the OTP with anyone for security reasons
ham,Charlie's house for drinks next Wednesday at 10 till late
info,"Welcome to University Village Park R.No. 265, 251, 473 Ch.In 2014-05-31 23:48 Ch.out 2014-06-10 12:00."
info,"[Kianti's] Hi Edwin, your reservation is confirmed for 21 people on 2015-06-28 at 4:23. We can hold your table for a maximum of 3 mins."
ham,Cool see you there
info,Bill dated 2013-11-11 for Rs 1062 has been generated for your Jio fixedline/broadband relationship no. 72152583. The same will reach you by 2013-11-14. Due date: 2013-11-26.
info,YourBus (HIRIYUR-ANWATTI 0:57) left  Agara Flyover at 1:57 approx. It is running as per schedule.Track YourBus at http://goo.gl/R0m5jx
info,Appointment with Dr Elias in KOTTAYAM on 2010-09-01 at 16:47 is confirmed. For queries call 1800 4688 7718. Your appt. might get delayed in case the doctor is attending an emergency.
ham,credit card bill is due on 27th
info,Bimal Auto Agency : Service of your car KA63M2251 is due in 12 days on 2014-12-31. Please contact us at 9467674177 to book a service.
ham,remind me to open a bank account tomorrow afternoon
spam,"Free Pedicure! This monsoon pamper yourself at home with HOUSEJOY beauty services- Facials, Detan,Hair Spas & more. Use Code FPEDI on http://bit.ly/2hjblr T&C."
ham,wish all the best to john for his exams next week
info,The PNR for your JET Airways Flt 1Q417 for GAU-STV on 2009-10-10 at 22:14 hrs  is KZ3CQA. Tip: Check PNR status and book using MakeMyTrip App!. Thank you.
ham,Tmrw is the recital ! 8pm!
info,"DEAR Jack, THANK YOU FOR YOUR BOOKING (ORDER ID: 31643), YOUR ORDER HAS BEEN ASSIGNED TO Johnny(9852618272) AND APPOINTMENT FOR SAMPLE COLLECTION IS SCHEDULED ON 2010-07-16 at 10:32. FOR ASSISTANCE WHATSAPP US ON 8161178286."
ham,have to do shopping for my family on coming weekend
spam,"Gold & Biryani-There is nothing better than this! At the foodpanda Cuisine Festival, ordering biryani gets you a gold coin. Order here https://goo.gl/FN7Etu"
spam,"Wow Offers: i)STV 139-Unlimited Local/STD BSNL to BSNL with 300MB Data, 28 Days. ii) STV 339 -Unlimited Local/STD BSNL to BSNL/Others with 1GB Data, 28 Days."
info,"PNR:4216787317,TRAIN:23784,DOJ:2012-07-11,AC3,AUNG-BTI,Dep:3:10, James,B4 39 , Fare:4938,SC:10.0+PG+INS"
ham,attend john's wedding
spam,Delivered: Your package withMaths Tables Book for beginners | Learning Tables 1 to ~was successfully delivered. More info at http://ebay.com/cBfWh1e
info,Appointment with Dr Stephen in CHIKKAMAGALURU on 2010-02-21 at 9:31 is confirmed. For queries call 1800 4213 3283. Your appt. might get delayed in case the doctor is attending an emergency.
ham,I think we all should attend Prof. Shankar's marriage.
spam,"Dear customer, We wish you a Happy Onam. Thanks for being a Paytm SELLER SERVICES customer."
info,Lakshmi Auto Agency : Service of your car KA24X1245 is due in 18 days on 2009-11-25. Please contact us at 9722636755 to book a service.
ham,Sure din on the 21st @ 5 to 7
info,Thank you for using your ICICI bank Debitcard ending 5446 for Rs. 1570.00 in Kozhikode at Jabong on 2012-09-22 9:27
ham,remind me to book train tickets
spam,"Your order, 11074733 is delivered. Please rate our services, by using our missed call service. Like @ 09119339606 Dislike @ 07420432879"
spam,Added Rs. 1000 to your Paytm wallet. Transaction ID: 4820222852. Current Balance: 1002.0. Get 1 Lakh items at 80% Discount. http://m.p-y.tm/uo. Shop at Mahabazaar
info,"[MCL Cafeterias] Hi Austin, your reservation is confirmed for 22 people on 2011-09-09 at 0:43. We can hold your table for a maximum of 44 mins."
ham,connect with friends on facebook daily at 8 in the evening
info,"[The Halal Guys] Hi Taylor, your reservation is confirmed for 1 people on 2009-11-28 at 12:33. We can hold your table for a maximum of 38 mins."
ham,We're heading up north in a bit to see grandma rose with my mom. Lord help me..
info,"DEAR Austin, THANK YOU FOR YOUR BOOKING (ORDER ID: 85157), YOUR ORDER HAS BEEN ASSIGNED TO Maxwell(9624757381) AND APPOINTMENT FOR SAMPLE COLLECTION IS SCHEDULED ON 2012-11-26 at 8:10. FOR ASSISTANCE WHATSAPP US ON 8126667722."
info,"Repair ref.no for your car is JC85241684 opened on 2010-04-02 9:16hrs,ETD of your car is 2010-04-03 14:51hrs and est.repair amt is Rs.2353 Rgds, Maha Veer Auto Agency"
info,"Welcome to MacArthur Park R.No. 538, 101 Ch.In 2012-08-24 9:53 Ch.out 2012-09-05 12:00."
info,"Dear Guest, Thanks for choosing PJI. Order ID 4721. Delivery by 2015-05-07 15:44. Enjoy 14% discount on your next purchase. Code MA8TCY. T&C."
ham,"hey, can we talk"
info,"Thank you for choosing AirportTaxi for 2010-10-19 at 3:19. Cab:KA54J1672 , Chauffer: Jace, Cell: 9133227686 will reach you. T&C apply, visit www.AirportTaxi.com"
ham,gym is tomorrow at 5pm
info,Appointment with Dr Brian in MERCARA MADIKERI on 2014-04-24 at 19:39 is confirmed. For queries call 1800 5244 6477. Your appt. might get delayed in case the doctor is attending an emergency.
info,"* KSRTC m-Ticket *  from: HASSAN to: ANWATTI PsngrName: Vincent TripCode: 633HASANW PNR No.: J46814713 JnyDate: 2009-12-05 DepTime: 6:33  SeatNo.: 34, 59, 14, 39  Class: AC Sleeper  BoardingPt: HASSAN Rly Station Txn Password: 6264 . Please carry your photo ID during journey. T&C apply. Visit  www.ksrtc.in"
spam,"Dear AirAsia Customer, flight 1I884 from ISK shall be boarding from gate 17T. Boarding gate closes17 mins prior to the departure time."
info,YourBus (PUTTAPARTHI-KOLHAPUR 10:52) left  Jalahalli Cross at 11:52 approx. It is running as per schedule.Track YourBus at http://goo.gl/R0m5jx
info,Appointment with Dr Kaiden in Dharmastala on 2014-05-06 at 15:38 is confirmed. For queries call 1800 7172 1342. Your appt. might get delayed in case the doctor is attending an emergency.
ham,call the lawyer on his mobile
ham,"Awesome, see you then."
ham,Lets have it on next weekend
info,"Hi Customer, Booking ID: WJ5TF1U. Seats: STANDARD-D11,D12,D13,D14,D15,D16, 6 seat(s) for Deadpool on 2014-02-11 2:44 at INOX Lido: Off MG Road, Ulsoor. Please carry your CC/DC card which was used for booking tickets."
info,"Thank you for choosing taxiforsure for 2009-08-31 at 22:35. Cab:KA42P3381 , Chauffer: Thomas, Cell: 9625113156 will reach you. T&C apply, visit www.taxiforsure.com"
ham,Do you want to catch up tonight?
ham,lets meet next monday after 8
spam,"Your Tkt Cancelled. PNR, 64771623746, Amt 1784 will be refunded in your account."
ham,sure. When is it?
info,The PNR for your AirAsia Flt 8Q856 for NDC-PAT on 2014-09-13 at 18:13 hrs  is DLNU0E. Tip: Check PNR status and book using MakeMyTrip App!. Thank you.
spam,"Greetings, Vodafone wishes you a Happy Dusshera."
info,"Repair ref.no for your car is JC33265855 opened on 2013-12-18 15:27hrs,ETD of your car is 2013-12-19 7:16hrs and est.repair amt is Rs.717 Rgds, Bimal Auto Agency"
info,"Repair ref.no for your car is JC55762533 opened on 2011-12-08 1:19hrs,ETD of your car is 2011-12-09 14:38hrs and est.repair amt is Rs.111 Rgds, Maruti Auto Agency"
spam,"Dear Consumer, your bill of Rs. 1445.00 due on 2017-05-22 for Account ID 7177419558 has been generated. To view and pay online click <www.bescom.co.in>. Treat this SMS as 15 days disconnection notice if payment is not received within due date. If paid ignore this message."
spam,OTP is 655244 for the txn of INR 8921.00 at Meru on your HDFC bank Debit card ending with 5348. Valid till 8:17:18. Do not share the OTP with anyone for security reasons
info,Appointment with Dr Roman in KANNUR on 2012-10-12 at 11:21 is confirmed. For queries call 1800 6753 4242. Your appt. might get delayed in case the doctor is attending an emergency.
info,Aryan Auto Agency : Service of your car KA14T5784 is due in 28 days on 2012-06-18. Please contact us at 9367115864 to book a service.
spam,Delivered: Your package withDettol Disinfectant Multi-Us...was successfully delivered. More info at http://flipkart.com/cBfWh1e
info,"Welcome to Aquatic bodywork Massage centre R.No. 290, 260 Ch.In 2013-05-03 1:48 Ch.out 2013-05-28 12:00."
spam,Delivered: Your package withQuantum Slim USB 3.0 High Speed Hub 5 Port Color may ...was successfully delivered. More info at http://myantra.com/cBfWh1e
ham,call the doctor @ quarter to 4
ham,get rid of garbage
info,YourBus (ANWATTI-TUMAKURU 11:46) left  Hosur at 12:46 approx. It is running as per schedule.Track YourBus at http://goo.gl/R0m5jx
ham,create an event for Tuesday at 4 p.m. with Bob
spam,RCOM Movi+Net DATA Pack! Muft subcription 8000 pictures aur 35lakh gaane. Recharge Rs235=2.5GB(1.25GB+1.25GB;Night);28d; Rs122=2GB(1GB+1GB night) 5days.
info,Appointment with Dr Lucas in SRIHARIKOTA on 2013-04-03 at 7:41 is confirmed. For queries call 1800 3235 3311. Your appt. might get delayed in case the doctor is attending an emergency.
info,YourBus (KIAL-PONDICHERRY 6:28) left  Gandinagar at 7:28 approx. It is running as per schedule.Track YourBus at http://goo.gl/R0m5jx
spam,"Welcome to Chennai. Visit airtel.in/4G to enjoy Airtel 4G, The Fastest Network Ever. Now Roaming call rates are slashed by 35%. Internet tariff same as your home network. To get free incoming calls, SMS ROAM to 121"
info,"Thank you for choosing ucabs for 2013-02-14 at 16:35. Cab:KA55E5818 , Chauffer: Charles, Cell: 9223147226 will reach you. T&C apply, visit www.ucabs.com"
info,"[Hwy 55 Burgers, Shakes and Fries] Hi Taylor, your reservation is confirmed for 6 people on 2012-01-31 at 9:19. We can hold your table for a maximum of 35 mins."
info,"Repair ref.no for your car is JC61242824 opened on 2013-10-23 21:17hrs,ETD of your car is 2013-10-24 6:43hrs and est.repair amt is Rs.1802 Rgds, Bimal Auto Agency"
ham,pizza with nishu and mrs. mary at pizza hut
ham,remind me to make a dentist appointment on tuesday
spam,"Dear INDIGO Customer, flight 2X377 from ZER shall be boarding from gate 27K. Boarding gate closes25 mins prior to the departure time."
info,"Repair ref.no for your car is JC61863266 opened on 2011-11-15 19:31hrs,ETD of your car is 2011-11-16 6:34hrs and est.repair amt is Rs.574 Rgds, Maruti Auto Agency"
info,"[Doumar 's Cones and BBQ] Hi Braden, your reservation is confirmed for 4 people on 2010-07-25 at 7:28. We can hold your table for a maximum of 24 mins."
info,"Dear Guest, Thanks for choosing S&E. Order ID 5153. Delivery by 2014-09-23 22:57. Enjoy 25% discount on your next purchase. Code CBDPVT. T&C."
info,Thank you for using your ICICI bank CREDITcard ending 5623 for Rs. 2435.00 in PAYYANUR at Myantra on 2013-05-12 17:23
info,"PNR:5143761245,TRAIN:4311,DOJ:2013-08-13,AC3,BKTH-BMKJ,Dep:3:34, Ruben,B3 49 , Fare:1643,SC:10.0+PG+INS"
spam,"Your Tkt Cancelled. PNR, 58887772671, Amt 2211 will be refunded in your account."
spam,"Dear customer, We wish you a Happy Dusshera. Thanks for being a Reliance customer."
ham,"Of course, when do you want to start studying?"
spam,OTP is 482531 for the txn of INR 8990.00 at Ola on your AXIS bank CREDIT card ending with 8557. Valid till 1:40:43. Do not share the OTP with anyone for security reasons
info,Bill dated 2009-12-18 for Rs 713 has been generated for your Vodafone fixedline/broadband relationship no. 75641666. The same will reach you by 2009-12-21. Due date: 2010-01-02.
ham,dinner with john this saturday at 8
ham,yea!! U could use the same gmail id for hangout also
info,"Dear Guest, Thanks for choosing The Subterranean Bar and Grill. Order ID 4216. Delivery by 2013-11-29 13:56. Enjoy 18% discount on your next purchase. Code X24V1F. T&C."
ham,call mr. raaja prabhu this friday
ham,Do you wanna get some chicken and waffles tmrw at 10am?
ham,Hey..want to come See Simon Amstell in Soho on Friday? Hez testing out some new material.
spam,"Dear SPICE JET Customer, flight 4M175 from PAT shall be boarding from gate 4F. Boarding gate closes1 mins prior to the departure time."
ham,call john on his birhtday
info,"Hi Customer, Booking ID: WDX5MWG. Seats: GOLD-F14,F15,F16,F17, 4 seat(s) for Alice Through the Looking Glass on 2015-06-21 18:23 at The Cinema GT World: Magadi Rd, Bengaluru. Please carry your CC/DC card which was used for booking tickets."
spam,imperio restaurant buffet quick lunch unlimited more than 25 dishes 12.30 to 3.30 buffet menu open our link facebook https://www.facebook.com/imperiobangalore
info,"Welcome to Rosedale Park R.No. 451, 301, 405 Ch.In 2013-10-30 21:36 Ch.out 2013-11-07 12:00."
spam,"Rs.297.00 was spent on your SBI Card no. ending XX7401 at FUTURE RETAIL LTD on 23 May 17. Remaining credit limit: Rs.83,990.42."
ham,will take john's call today
spam,"Dear Air India Customer, flight 6U286 from CCJ shall be boarding from gate 21F. Boarding gate closes26 mins prior to the departure time."
spam,"Dear Customer, to improve your service experience, we are upgrading our systems tonight. Due to this, you may face some intermittent issues in accessing data services on your mobile. Inconvenience is deeply regretted."
ham,where is Amitabh now a days ?
info,Appointment with Dr Scott in Belagavi on 2012-10-11 at 17:18 is confirmed. For queries call 1800 4373 1448. Your appt. might get delayed in case the doctor is attending an emergency.
spam,Your payment of Life Insurance Corporation of India bill 367728329 for Rs 10427.00 has been processed successfully.
ham,bring 1 kg sugar tomorrow when returning from office
spam,"Dear customer, We wish you a Happy Onam. Thanks for being a IDBI Bank customer."
info,"PNR:8314377646,TRAIN:34347,DOJ:2013-10-29,AC3,AGZ-BIR,Dep:11:10, Cole,B5 54 , Fare:7413,SC:10.0+PG+INS"
ham,pick up paneer to make palak paneer tomorrow
spam,"Dear JET Airways Customer, flight 3W542 from MYQ shall be boarding from gate 19Q. Boarding gate closes22 mins prior to the departure time."
spam,Delivered: Your package withFunskool Game of Lifewas successfully delivered. More info at http://myantra.com/cBfWh1e
info,Lakshmi Auto Agency : Service of your car KA54A6276 is due in 81 days on 2010-04-18. Please contact us at 9658363838 to book a service.
info,"* KSRTC m-Ticket *  from: Tirupathi to: KIAL PsngrName: Eli TripCode: 2120TirKIA PNR No.: J63912836 JnyDate: 2010-11-02 DepTime: 21:20  SeatNo.: 17, 26, 2, 21, 38  Class: AC Sleeper  BoardingPt: Tirupathi MG Road Txn Password: 3282 . Please carry your photo ID during journey. T&C apply. Visit  www.ksrtc.in"
ham,8 sounds great =P
info,The PNR for your SPICE JET Flt 1J635 for RGH-CCJ on 2010-04-23 at 5:45 hrs  is FD9KD9. Tip: Check PNR status and book using MakeMyTrip App!. Thank you.
spam,"Dear Member, you are now unsubscribed from our messages.To opt in call +918283542438"
ham,Make a note to meet with John for dinner
info,"Repair ref.no for your car is JC31831342 opened on 2012-11-22 11:24hrs,ETD of your car is 2012-11-23 8:45hrs and est.repair amt is Rs.109 Rgds, Maruti Auto Agency"
info,"DEAR Julian, THANK YOU FOR YOUR BOOKING (ORDER ID: 48224), YOUR ORDER HAS BEEN ASSIGNED TO Raul(9534285264) AND APPOINTMENT FOR SAMPLE COLLECTION IS SCHEDULED ON 2012-03-22 at 10:24. FOR ASSISTANCE WHATSAPP US ON 8157632775."
ham,I will call my wife tomorrow at 6
info,"PNR:6383544325,TRAIN:12644,DOJ:2014-09-22,AC3,ARK-BHDR,Dep:11:58, Manuel,B1 65 , Fare:6720,SC:10.0+PG+INS"
ham,i will call you after monday
info,"Dear Guest, Thanks for choosing Yates 's. Order ID 8883. Delivery by 2011-09-03 9:49. Enjoy 3% discount on your next purchase. Code JHV67C. T&C."
ham,grab sweets from the store
ham,remind john today to come early tomorrow
info,Bill dated 2011-08-06 for Rs 453 has been generated for your Docomo fixedline/broadband relationship no. 27318128. The same will reach you by 2011-08-09. Due date: 2011-08-21.
info,"Thank you for choosing Uber for 2013-11-23 at 1:17. Cab:KA64R5425 , Chauffer: Miles, Cell: 9733433888 will reach you. T&C apply, visit www.Uber.com"
ham,have to attend the dance workshop which is going to start on Monday till Friday
spam,"Dear INDIGO Customer, flight 8X123 from DMU shall be boarding from gate 21C. Boarding gate closes7 mins prior to the departure time."
info,Appointment with Dr Carson in MANIPAL on 2014-02-05 at 19:45 is confirmed. For queries call 1800 7455 1872. Your appt. might get delayed in case the doctor is attending an emergency.
spam,"Dear customer, We wish you a Happy Onam. Thanks for being a Bsnl customer."
info,"Welcome to Faro Airport R.No. 358, 375 Ch.In 2009-10-31 16:11 Ch.out 2009-11-01 12:00."
ham,"Venue is Seva Sadan Institute, 3rd Block, 8th Main, Hiware Bazar"
info,Welcome to DIME BK R.No. 138 Ch.In 2012-02-20 1:12 Ch.out 2012-03-07 12:00.
info,"Dear Guest, Thanks for choosing PizzaRev. Order ID 6765. Delivery by 2014-02-16 5:29. Enjoy 24% discount on your next purchase. Code C6SOET. T&C."
info,"[Perlan] Hi Dustin, your reservation is confirmed for 26 people on 2014-04-20 at 22:30. We can hold your table for a maximum of 18 mins."
spam,"Hi, time for adidas UPRISING! See you at the adidas UPRISING TENacity 10k Run on 2nd Oct at Kanteerva Stadium at 6 AM."
ham,i need to wish dr. john on his birthday
info,"DEAR Lucas, THANK YOU FOR YOUR BOOKING (ORDER ID: 47243), YOUR ORDER HAS BEEN ASSIGNED TO Giovanni(9433175162) AND APPOINTMENT FOR SAMPLE COLLECTION IS SCHEDULED ON 2012-08-14 at 15:14. FOR ASSISTANCE WHATSAPP US ON 8762716674."
info,"Repair ref.no for your car is JC32283536 opened on 2009-12-17 8:13hrs,ETD of your car is 2009-12-18 14:24hrs and est.repair amt is Rs.1766 Rgds, Maha Veer Auto Agency"
info,YourBus (KANNUR-MANIPAL 0:21) left  8th Mile Stone at 1:21 approx. It is running as per schedule.Track YourBus at http://goo.gl/R0m5jx
info,Bill dated 2015-01-18 for Rs 843 has been generated for your Bsnl fixedline/broadband relationship no. 54647846. The same will reach you by 2015-01-21. Due date: 2015-02-02.
info,"[Al Fanar] Hi Brian, your reservation is confirmed for 8 people on 2010-07-18 at 1:49. We can hold your table for a maximum of 11 mins."
info,"Repair ref.no for your car is JC12253173 opened on 2013-11-24 16:43hrs,ETD of your car is 2013-11-25 9:39hrs and est.repair amt is Rs.1271 Rgds, True Value"
spam,"Dear Customer, You have made a Debit Card purchase of INR1,420.00 on 27 Feb. Info.IPS*BANGALORE P. Your Net Available Balance is INR 11,065.33."
info,Aryan Auto Agency : Service of your car KA21X8822 is due in 33 days on 2013-05-18. Please contact us at 9474776568 to book a service.
ham,at 5 PM dear..You know these ladies are so late..Atleast you be on time..see you there
info,"* KSRTC m-Ticket *  from: Ernakulam to: KOLAR GOLD FIELD PsngrName: Bradley TripCode: 1751ErnKOL PNR No.: J67850745 JnyDate: 2015-04-13 DepTime: 17:51  SeatNo.: 32, 9, 12, 7  Class: Non-AC chair  BoardingPt: Ernakulam Bus Stand Road Txn Password: 3885 . Please carry your photo ID during journey. T&C apply. Visit  www.ksrtc.in"
info,"Dear Guest, Thanks for choosing Pizza Etang. Order ID 3551. Delivery by 2013-10-29 2:55. Enjoy 22% discount on your next purchase. Code BRFJXV. T&C."
spam,"Dear SPICE JET Customer, flight 1E723 from PGH shall be boarding from gate 26O. Boarding gate closes10 mins prior to the departure time."
ham,No I mid of something..!! I will call u back in 30 minutes..
info,"Thank you for choosing AirportTaxi for 2014-09-17 at 6:58. Cab:KA77L7147 , Chauffer: Pedro, Cell: 9667846534 will reach you. T&C apply, visit www.AirportTaxi.com"
spam,"Dear customer, We wish you a Happy Marriage Anniversary. Thanks for being a Docomo customer."
spam,"YOU ARE A GENIUS! And you could win 100s of movie tickets & a smartphone, only on JioChat. Update now. http://goo.gl/9VCgac"
info,"Dear Guest, Thanks for choosing Tea Point. Order ID 8252. Delivery by 2011-07-09 3:30. Enjoy 6% discount on your next purchase. Code BO9JDS. T&C."
info,True Value : Service of your car KA38Q4262 is due in 34 days on 2013-09-04. Please contact us at 9356123522 to book a service.
spam,"Dear customer, We wish you a Happy Gandhi Jayanti. Thanks for being a SBI customer."
info,"DEAR Cameron, THANK YOU FOR YOUR BOOKING (ORDER ID: 86737), YOUR ORDER HAS BEEN ASSIGNED TO Jaiden(9375336616) AND APPOINTMENT FOR SAMPLE COLLECTION IS SCHEDULED ON 2014-04-21 at 15:21. FOR ASSISTANCE WHATSAPP US ON 8614266554."
spam,"Imperio restaurant special offers in Food Panda, If order you will get 35% &amp;50% in PayTm Cash back At COD get 20% Discount Min. Bill Value 400+CALL 080 60484444"
info,The PNR for your JET Airways Flt 1V844 for PAB-DIB on 2011-04-04 at 19:29 hrs  is ZJINFM. Tip: Check PNR status and book using MakeMyTrip App!. Thank you.
spam,Binge party at home?Enjoy with Cheeseria.Double the fun by using KZCHZ and avail BOGO on cheeseria.Order at kaatizone.com now. Enjoy your weekend !
info,Aryan Auto Agency : Service of your car KA23P4838 is due in 33 days on 2013-01-01. Please contact us at 9664853371 to book a service.
ham,"Hey, I have a great deal ."
spam,"From School: Dear parent, Northstar Application based alerts are restored, please download our Android or IOS App and track your child's bus. By Northstar."
spam,Delivered: Your package withPrisha India Worst Quality Pure...was successfully delivered. More info at http://jabong.com/cBfWh1e
ham,sharp 9 AM..Please be there on time
info,Thank you for using your SBI bank Debitcard ending 2663 for Rs. 1417.00 in DAVANEGERE at ShopClues on 2015-01-02 11:24
ham,ok will meet early morning tomorrow for discussions
info,Appointment with Dr Johnny in KOTTAYAM on 2010-11-04 at 3:17 is confirmed. For queries call 1800 1238 2758. Your appt. might get delayed in case the doctor is attending an emergency.
info,The PNR for your Air India Flt 6N776 for BUP-PGH on 2010-03-30 at 9:12 hrs  is QZNAHE. Tip: Check PNR status and book using MakeMyTrip App!. Thank you.
spam,"Greetings, ICICI Bank wishes you a Happy Onam."
ham,remind me who i am
ham,ok .so r u intrested?Later maybe...
ham,remind me to check the stove in 8 minutes
spam,Delivered: Your package withAmazon Prime (One Year Membership)was successfully delivered. More info at http://jabong.com/cBfWh1e
info,"Thank you for choosing taxiforsure for 2011-11-04 at 8:39. Cab:KA67C3735 , Chauffer: Maxwell, Cell: 9182787565 will reach you. T&C apply, visit www.taxiforsure.com"
info,The PNR for your INDIGO Flt 7F221 for KUU-CCU on 2014-04-20 at 3:41 hrs  is MKZ8SF. Tip: Check PNR status and book using MakeMyTrip App!. Thank you.
spam,"Rs.920.00 was spent on ur HDFCBank CREDIT Card ending 8066 on 2016-03-12:11:56:00 at MAYA HARDWARE &amp; ELECTR.Avl bal - Rs.95583.02, curr o/s - Rs.29416.98"
info,The PNR for your AirAsia Flt 5S141 for MYQ-SHL on 2013-03-15 at 19:15 hrs  is PYGU1Q. Tip: Check PNR status and book using MakeMyTrip App!. Thank you.
info,The PNR for your JET Airways Flt 5J254 for STV-RJA on 2011-03-31 at 11:31 hrs  is HNTRS1. Tip: Check PNR status and book using MakeMyTrip App!. Thank you.
spam,"Dear Customer, with reference to the Service request no. 11513887 on yourAirtel Mobile, the defaulting unregistered telemarketer number has been disconnected by the concerned operator basis the reported violation. If you are not satisfied with the resolution, contact 274"
ham,I have asked everyone to join.
spam,"Dear AirAsia Customer, flight 8F485 from DMU shall be boarding from gate 11S. Boarding gate closes23 mins prior to the departure time."
info,YourBus (Mumbai-KASARGOD 18:55) left  Banashankari Bda Complex at 19:55 approx. It is running as per schedule.Track YourBus at http://goo.gl/R0m5jx
spam,Delivered: Your package withHEERAN ART Polyresin Sitting Buddha 24 cm ORBwas successfully delivered. More info at http://flipkart.com/cBfWh1e
ham,okay! when is it?
info,The PNR for your JET Airways Flt 6H268 for SHL-GAU on 2012-10-23 at 10:16 hrs  is OT20UC. Tip: Check PNR status and book using MakeMyTrip App!. Thank you.
ham,call peter rizzo at noon tomorrpw
info,Bill dated 2011-01-15 for Rs 897 has been generated for your Docomo fixedline/broadband relationship no. 66738326. The same will reach you by 2011-01-18. Due date: 2011-01-30.
ham,good truck service Friday the 9th at 7:30
ham,rename the event
info,Appointment with Dr Jeremy in MANTRALAYA on 2012-05-30 at 6:52 is confirmed. For queries call 1800 3256 4733. Your appt. might get delayed in case the doctor is attending an emergency.
spam,"Dear Customer, You have made a Debit Card purchase of INR2,080.00 on 18 Feb. Info.IPS*FAMILIES SU. Your Net Available Balance is INR 17,673.69."
spam,"UNLIMITED SUMMER SPECIAL ! Shop for Rs3500 & get a SUPER COOL & STYLISH GYM bag worth Rs699 FREE @ UNLIMITED, Forum Value Mall. Call 080 43558771. TC"
ham,appointment with nishu for lunch
ham,go for the meeting
info,YourBus (Dharmastala-HIRIYUR 23:42) left  HSR Layout at 24:42 approx. It is running as per schedule.Track YourBus at http://goo.gl/R0m5jx
info,"Repair ref.no for your car is JC36876656 opened on 2013-02-20 14:35hrs,ETD of your car is 2013-02-21 6:52hrs and est.repair amt is Rs.2783 Rgds, Maha Veer Auto Agency"
info,"Repair ref.no for your car is JC14143225 opened on 2011-08-04 14:13hrs,ETD of your car is 2011-08-05 21:45hrs and est.repair amt is Rs.825 Rgds, Bimal Auto Agency"
ham,john will prepone the meeting
ham,i do meet mrs. mary on wednesdays
ham,Congratulations on my behlf :) Let me greet her immediately
info,"* KSRTC m-Ticket *  from: Pune to: ANWATTI PsngrName: Gregory TripCode: 541PunANW PNR No.: J46200827 JnyDate: 2010-12-20 DepTime: 5:41  SeatNo.: 10, 42  Class: Non-AC chair  BoardingPt: Pune Bus Stand Road Txn Password: 3272 . Please carry your photo ID during journey. T&C apply. Visit  www.ksrtc.in"
spam,Get Rs300 CASHBACK on Shopping of Rs3000 +PAYBACK Points @BigBazaar/fbb Monthly Rewards offer valid from 01-11 Jun | Cashback in Future Pay Wallet. TnC
info,"Repair ref.no for your car is JC88157111 opened on 2010-09-22 10:35hrs,ETD of your car is 2010-09-23 3:56hrs and est.repair amt is Rs.503 Rgds, True Value"
info,The PNR for your INDIGO Flt 7J157 for GAY-PAT on 2012-05-23 at 17:39 hrs  is CH1EWH. Tip: Check PNR status and book using MakeMyTrip App!. Thank you.
spam,"Dear customer, We wish you a Happy Janmashtami. Thanks for being a Askme customer."
spam,Delivered: Your package with 10 Pieces of 7mm x 250mm Hot Melt Mini Super Clear Glue Sticks was successfully delivered. More info at http://amzn.in/iwrg84G
info,"DEAR Adrian, THANK YOU FOR YOUR BOOKING (ORDER ID: 43332), YOUR ORDER HAS BEEN ASSIGNED TO Damian(9615733654) AND APPOINTMENT FOR SAMPLE COLLECTION IS SCHEDULED ON 2014-01-14 at 19:14. FOR ASSISTANCE WHATSAPP US ON 8733465212."
info,Maha Veer Auto Agency : Service of your car KA37K8733 is due in 77 days on 2015-06-28. Please contact us at 9451464241 to book a service.
spam,"Dear Air India Customer, flight 1J147 from KLH shall be boarding from gate 21K. Boarding gate closes23 mins prior to the departure time."
ham,i will call you by 8pm
info,"Thank you for choosing ucabs for 2013-06-15 at 11:24. Cab:KA58Q5333 , Chauffer: Colin, Cell: 9474437548 will reach you. T&C apply, visit www.ucabs.com"
spam,"Dear INDIGO Customer, flight 4W277 from CJB shall be boarding from gate 2B. Boarding gate closes17 mins prior to the departure time."
info,"Hi Customer, Booking ID: WDY9ICG. Seats: GOLD-J8,J9,J10,J11, 4 seat(s) for Kung Fu Panda 3 on 2014-07-24 22:32 at Cinepolis: Binnypet Mall. Please carry your CC/DC card which was used for booking tickets."
info,"Dear Guest, Thanks for choosing Tom N Toms. Order ID 4428. Delivery by 2010-05-25 1:49. Enjoy 6% discount on your next purchase. Code VX13D0. T&C."
ham,bit busy now. Will do in the evening.
info,"Dear Guest, Thanks for choosing Buffalo 's Cafe. Order ID 7211. Delivery by 2013-05-08 6:34. Enjoy 6% discount on your next purchase. Code LDEGO3. T&C."
info,"Repair ref.no for your car is JC51526824 opened on 2011-03-25 10:55hrs,ETD of your car is 2011-03-26 21:16hrs and est.repair amt is Rs.290 Rgds, Maha Veer Auto Agency"
ham,I was thinking around 3pm?
spam,No SMS blackout on 30th and 31st Oct!! Wish your near and dear ones this Deepawali
spam,"Greetings, AirportTaxi wishes you a Happy Ganesh Chaturthi."
info,"[An Evening Dinner Theatre] Hi Gage, your reservation is confirmed for 24 people on 2012-08-27 at 20:27. We can hold your table for a maximum of 10 mins."
info,"Hi Customer, Booking ID: W9FAUAR. Seats: PLATINUM-I8,I9,I10,I11,I12,I13, 6 seat(s) for Don't Breathe on 2012-10-30 16:35 at Gopalan Cinemas: Arcade Mall, Mysore Road. Please carry your CC/DC card which was used for booking tickets."
spam,OTP is 572563 for the txn of INR 18597.00 at AirportTaxi on your ICICI bank Debit card ending with 6376. Valid till 23:42:26. Do not share the OTP with anyone for security reasons
info,"Hi Customer, Booking ID: W444Z6J. Seats: SILVER-G5,G6,G7,G8,G9, 5 seat(s) for The Angry Birds Movie on 2012-12-13 13:44 at PVR: Orion Gold, Rajajinagar. Please carry your CC/DC card which was used for booking tickets."
info,YourBus (PONDICHERRY-SHIVAMOGGA 2:24) left  Chamarajpet at 3:24 approx. It is running as per schedule.Track YourBus at http://goo.gl/R0m5jx
ham,discuss the execution plan with ce team
info,"[new diner] Hi Noah, your reservation is confirmed for 11 people on 2014-12-25 at 4:15. We can hold your table for a maximum of 25 mins."
info,"[AMT Coffee] Hi Mitchell, your reservation is confirmed for 17 people on 2010-12-26 at 22:32. We can hold your table for a maximum of 33 mins."
ham,call john after the office timings
ham,Which month?? OCT or NOV??
ham,lets meet every 3rd month before 23rd
spam,"Greetings, JET Airways wishes you a Happy Dusshera."
info,"* KSRTC m-Ticket *  from: SRINGERI to: Mysuru PsngrName: Alexander TripCode: 434SRIMys PNR No.: J81748237 JnyDate: 2009-12-15 DepTime: 4:34  SeatNo.: 17, 28, 25, 38, 47  Class: AC Sleeper  BoardingPt: SRINGERI Rly Station Txn Password: 7873 . Please carry your photo ID during journey. T&C apply. Visit  www.ksrtc.in"
ham,i will call her that day
spam,"Rs.1000.00 was spent on ur HDFCBank CREDIT Card ending 8066 on 2017-01-01:16:12:08 at AMAZON.Avl bal - Rs.159026.00, curr o/s - Rs.10130.00"
info,Appointment with Dr Michael in SRIKALAHASTI on 2014-06-04 at 12:16 is confirmed. For queries call 1800 4145 6178. Your appt. might get delayed in case the doctor is attending an emergency.
info,"Welcome to Billiards table R.No. 152, 433, 586, 221 Ch.In 2012-01-21 20:47 Ch.out 2012-02-09 12:00."
info,Maha Veer Auto Agency : Service of your car KA62J5217 is due in 31 days on 2011-09-16. Please contact us at 9721523567 to book a service.
ham,I'll be free at 9pm after work!
spam,OTP is 312431 for the txn of INR 8882.00 at Lakshmi Auto Agency on your ICICI bank Debit card ending with 6643. Valid till 4:44:28. Do not share the OTP with anyone for security reasons
info,"* KSRTC m-Ticket *  from: COONUR to: Bengaluru PsngrName: Jesus TripCode: 440COOBen PNR No.: J52684577 JnyDate: 2012-11-29 DepTime: 4:40  SeatNo.: 3, 38, 10, 43, 46, 21  Class: Non-AC chair  BoardingPt: COONUR Bus Stand Road Txn Password: 8358 . Please carry your photo ID during journey. T&C apply. Visit  www.ksrtc.in"
ham,meeting is @ quarter to 10 tomorrow morning
ham,Wanna get Thai food on wednesday?
ham,meet john in one hour
ham,create a reminder on monday
info,"Repair ref.no for your car is JC75713515 opened on 2014-03-12 17:15hrs,ETD of your car is 2014-03-13 17:26hrs and est.repair amt is Rs.2551 Rgds, Lakshmi Auto Agency"
info,YourBus (PONDICHERRY-MANTRALAYA 22:19) left  Banashankari Bda Complex at 23:19 approx. It is running as per schedule.Track YourBus at http://goo.gl/R0m5jx
spam,"Dear Air India Customer, flight 6F822 from IDR shall be boarding from gate 24M. Boarding gate closes10 mins prior to the departure time."
ham,"ok, ill text you later!"
info,"Repair ref.no for your car is JC53888475 opened on 2014-11-04 13:38hrs,ETD of your car is 2014-11-05 8:32hrs and est.repair amt is Rs.714 Rgds, True Value"
spam,OTP is 212412 for the txn of INR 1073.00 at Lakshmi Auto Agency on your AXIS bank CREDIT card ending with 8117. Valid till 2:27:50. Do not share the OTP with anyone for security reasons
info,Appointment with Dr Edward in PALAKKAD on 2013-11-08 at 22:16 is confirmed. For queries call 1800 7385 7547. Your appt. might get delayed in case the doctor is attending an emergency.
spam,"Greetings, Canara Bank wishes you a Happy Holi."
ham,Let's make a trip this Sunday...
info,"Thank you for choosing ucabs for 2011-01-05 at 20:52. Cab:KA18Q5565 , Chauffer: Skyler, Cell: 9744468634 will reach you. T&C apply, visit www.ucabs.com"
ham,"No I will be in class at that time, how bat 4PM?"
ham,meet Kim and uip
info,The PNR for your SPICE JET Flt 4R472 for RTC-TRZ on 2015-02-08 at 22:16 hrs  is ELXEUO. Tip: Check PNR status and book using MakeMyTrip App!. Thank you.
info,Maha Veer Auto Agency : Service of your car KA83H2645 is due in 85 days on 2014-03-17. Please contact us at 9645871856 to book a service.
info,"DEAR Brayden, THANK YOU FOR YOUR BOOKING (ORDER ID: 27158), YOUR ORDER HAS BEEN ASSIGNED TO Ricardo(9476521858) AND APPOINTMENT FOR SAMPLE COLLECTION IS SCHEDULED ON 2011-12-31 at 12:13. FOR ASSISTANCE WHATSAPP US ON 8683655428."
ham,Pls make notes for me too…I wont b able to attend tomm
ham,remind me about the meeting at 5pm
spam,rziqw3wl is your OTP to login to the Samsung Shop. Code expires in 20 minutes.
spam,Revise Payment: Your payment for Dove Da... and 17 other items has failed. To revise payment and avoid order cancellation please visitConfirmed: Order for JK POPPY SEED (POSTA) 100g & 0 other items is successfully placed. Track:Confirmed: Order for Pampers Premium Care Extra Large Size Diaper Pants (28 Count) & 0 other items is successfully placed. Track: www.bit.ly/59H30c9
info,"Repair ref.no for your car is JC32482156 opened on 2011-01-20 21:29hrs,ETD of your car is 2011-01-21 9:26hrs and est.repair amt is Rs.744 Rgds, Aryan Auto Agency"
spam,OTP is 822352 for the txn of INR 13975.00 at Uber on your SBI bank Debit card ending with 4616. Valid till 20:18:10. Do not share the OTP with anyone for security reasons
spam,OTP is 581145 for the txn of INR 15642.00 at KSRTC on your HDFC bank CREDIT card ending with 3466. Valid till 14:28:30. Do not share the OTP with anyone for security reasons
info,"Welcome to Brevard College R.No. 161, 330, 107 Ch.In 2013-12-26 15:47 Ch.out 2014-01-23 12:00."
spam,OTP is 724653 for the txn of INR 14070.00 at Jabong on your HDFC bank CREDIT card ending with 8714. Valid till 15:43:53. Do not share the OTP with anyone for security reasons
ham,i will call you in this week
info,"PNR:2338218241,TRAIN:62651,DOJ:2014-11-07,AC3,BYS-BRS,Dep:13:34, Nathan,B1 11 , Fare:5691,SC:10.0+PG+INS"
ham,let me check my schedule..giv me 5 mins
ham,Lets plan to attend
ham,remind me to turn the geyser on @6
ham,"Need to bring 4 bottles of Johny walker whisky and 1 bottle of soda from the Spirit Zone shop, tomorrow at 9:00 pm"
info,"Dear Guest, Thanks for choosing Spoon Me Frozen Yogurt. Order ID 4766. Delivery by 2012-01-23 13:40. Enjoy 20% discount on your next purchase. Code RID6EV. T&C."
ham,ice cream after the meeting
info,YourBus (MANTRALAYA-Dharmastala 18:18) left  Bannerghatta Road at 19:18 approx. It is running as per schedule.Track YourBus at http://goo.gl/R0m5jx
spam,"Dear INDIGO Customer, flight 5A576 from BEP shall be boarding from gate 2U. Boarding gate closes10 mins prior to the departure time."
ham,meeting is from 5:30am to 5:30pm
ham,call the reception
spam,"Dear customer, We wish you a Happy Janmashtami. Thanks for being a AMAZON SELLER SERVICES customer."
spam,"Please join CM Arvind Kejriwal in BLR as he speaks about 1 yr of AAP govt in Delhi. Sun 31-Jan 3pm, St Joseph?s High School grounds opp Kanteerva Stadium."
spam,"Greetings, Lakshmi Auto Agency wishes you a Happy Ram Navami."
info,The PNR for your Air India Flt 8P127 for IDR-SUN on 2012-09-17 at 12:42 hrs  is U4LRF0. Tip: Check PNR status and book using MakeMyTrip App!. Thank you.
info,"Dear Guest, Thanks for choosing Fast food restaurant. Order ID 2581. Delivery by 2013-05-09 19:23. Enjoy 8% discount on your next purchase. Code O24XKE. T&C."
info,"[Moshulu] Hi Tanner, your reservation is confirmed for 25 people on 2012-11-29 at 19:33. We can hold your table for a maximum of 40 mins."
info,"Dear Guest, Thanks for choosing Papa Johns. Order ID 3878. Delivery by 2014-04-24 3:46. Enjoy 28% discount on your next purchase. Code Z1P7MI. T&C."
info,"* KSRTC m-Ticket *  from: SRIHARIKOTA to: TUMAKURU PsngrName: Marco TripCode: 719SRITUM PNR No.: J73960460 JnyDate: 2009-09-10 DepTime: 7:19  SeatNo.: 49, 57, 51, 13, 5  Class: AC chair  BoardingPt: SRIHARIKOTA Rly Station Txn Password: 5763 . Please carry your photo ID during journey. T&C apply. Visit  www.ksrtc.in"
ham,meet mary after work
info,* KSRTC m-Ticket *  from: SRIKALAHASTI to: SHIVAMOGGA PsngrName: Corey TripCode: 2341SRISHI PNR No.: J34563665 JnyDate: 2015-07-10 DepTime: 23:41  SeatNo.: 17  Class: Non-AC chair  BoardingPt: SRIKALAHASTI Bus Stand Road Txn Password: 5355 . Please carry your photo ID during journey. T&C apply. Visit  www.ksrtc.in
info,Bimal Auto Agency : Service of your car KA28K8288 is due in 73 days on 2013-09-27. Please contact us at 9212237773 to book a service.
info,"Welcome to Aerial Lift Bridge R.No. 289, 538, 267, 238 Ch.In 2013-07-18 1:30 Ch.out 2013-08-11 12:00."
spam,Delivered: Your package withPopular Essentials Rozana Sona Masouri RA5 & 9 other itemswas successfully delivered. More info at http://myantra.com/cBfWh1e
info,The PNR for your INDIGO Flt 8W387 for ATQ-TIR on 2010-08-24 at 15:54 hrs  is TNYFQC. Tip: Check PNR status and book using MakeMyTrip App!. Thank you.
info,"* KSRTC m-Ticket *  from: Vijayawada to: TUMAKURU PsngrName: Travis TripCode: 1758VijTUM PNR No.: J47026852 JnyDate: 2014-09-25 DepTime: 17:58  SeatNo.: 32, 35, 40, 41, 46, 52, 9, 56, 20, 58  Class: AC Sleeper  BoardingPt: Vijayawada Bus Stand Road Txn Password: 7624 . Please carry your photo ID during journey. T&C apply. Visit  www.ksrtc.in"
spam,"Rs.1312.00 was spent on ur HDFCBank CREDIT Card ending 8066 on 2016-06-05:13:52:20 at HERBS &amp; SPICES.Avl bal - Rs.68713.00, curr o/s - Rs.56287.00"
spam,"Dear INDIGO Customer, flight 8K167 from AGX shall be boarding from gate 29L. Boarding gate closes16 mins prior to the departure time."
info,"DEAR Jacob, THANK YOU FOR YOUR BOOKING (ORDER ID: 84366), YOUR ORDER HAS BEEN ASSIGNED TO Donovan(9388733785) AND APPOINTMENT FOR SAMPLE COLLECTION IS SCHEDULED ON 2011-01-24 at 3:36. FOR ASSISTANCE WHATSAPP US ON 8764633663."
info,"Thank you for choosing radiocabs for 2013-09-19 at 5:55. Cab:KA82E7487 , Chauffer: Evan, Cell: 9383231253 will reach you. T&C apply, visit www.radiocabs.com"
ham,c is joining us.
ham,i need to go to my gym on saturdays at 5am this month
ham,Don't forget plz
spam,Recharge with STV248 and get Unlimited Calls to Any Network Landline Connection (Local/STD) and 30 P/Min Call to Any Network Mobile (in India) for 30 days
ham,tom is coming to town tomorrow
info,"Thank you for choosing ucabs for 2009-08-22 at 13:37. Cab:KA58V6267 , Chauffer: Carson, Cell: 9757178847 will reach you. T&C apply, visit www.ucabs.com"
info,"Thank you for choosing ucabs for 2015-03-06 at 1:33. Cab:KA28G2684 , Chauffer: Jonathan, Cell: 9137574318 will reach you. T&C apply, visit www.ucabs.com"
spam,"Dear customer, We wish you a Happy Onam. Thanks for being a Flipkart customer."
ham,eat dark chocolate in the night
info,"Hi Customer, Booking ID: W73MJDA. Seats: STANDARD-C10,C11, 2 seat(s) for Central Intelligence on 2010-07-01 9:57 at Cinepolis: Royal Meenakshi Mall. Please carry your CC/DC card which was used for booking tickets."
ham,"Hey Radheesh, how are you? Just wanted to check if. There is anyone staying is 201? The water seepage problem is back. But whenever I go to your house no one opens the door. If some tenant is there, can you please ask them to check any water logging in balcony or bathroom? Or can you share his number? -adrian"
info,"* KSRTC m-Ticket *  from: Mangaluru to: NELLORE PsngrName: Wyatt TripCode: 2350ManNEL PNR No.: J99051756 JnyDate: 2013-12-24 DepTime: 23:50  SeatNo.: 3, 6, 40, 9, 43, 18, 58, 29, 30  Class: Non-AC Sleeper  BoardingPt: Mangaluru Residency Road Txn Password: 4611 . Please carry your photo ID during journey. T&C apply. Visit  www.ksrtc.in"
info,* KSRTC m-Ticket *  from: KOTTAYAM to: KOLAR PsngrName: Payton TripCode: 1933KOTKOL PNR No.: J95481414 JnyDate: 2013-09-26 DepTime: 19:33  SeatNo.: 3  Class: AC chair  BoardingPt: KOTTAYAM Residency Road Txn Password: 4641 . Please carry your photo ID during journey. T&C apply. Visit  www.ksrtc.in
ham,pay emi for the house loan on every 4th
spam,Congrats! 150 Faasos Credits have been added to your account. Your total credits: 150. Log in to the app or website for details. Thanks.
info,Welcome to Quarry Falls R.No. 565 Ch.In 2010-01-19 21:41 Ch.out 2010-02-09 12:00.
info,"PNR:6372748557,TRAIN:8833,DOJ:2015-07-02,SL,AMY-BLH,Dep:14:27, Jose,S1 38 , Fare:2014,SC:10.0+PG+INS"
ham,Okay dear..I will reach around 6 PM.
info,Thank you for using your SBI bank CREDITcard ending 2554 for Rs. 3399.00 in Kundapura at Flipkart on 2010-04-25 2:17
ham,Can you buzz her wenevr ur free next week?
info,The PNR for your Air India Flt 8F181 for JRH-KUU on 2011-11-06 at 23:24 hrs  is QYVMMJ. Tip: Check PNR status and book using MakeMyTrip App!. Thank you.
info,YourBus (Puducherry-HIRIYUR 12:45) left  Coroporation Circle at 13:45 approx. It is running as per schedule.Track YourBus at http://goo.gl/R0m5jx
info,Appointment with Dr Garrett in SRIHARIKOTA on 2015-03-23 at 12:19 is confirmed. For queries call 1800 5771 2246. Your appt. might get delayed in case the doctor is attending an emergency.
info,Thank you for using your ICICI bank CREDITcard ending 6358 for Rs. 460.00 in MANDYA at Flipkart on 2010-09-17 0:41
info,Bill dated 2012-08-17 for Rs 508 has been generated for your Jio fixedline/broadband relationship no. 28272775. The same will reach you by 2012-08-20. Due date: 2012-09-01.
info,"* KSRTC m-Ticket *  from: THIRUNALLAR to: Belagavi PsngrName: Collin TripCode: 1816THIBel PNR No.: J46800073 JnyDate: 2010-10-07 DepTime: 18:16  SeatNo.: 34, 37, 8, 44, 12, 13, 53, 54, 56, 26  Class: Non-AC Sleeper  BoardingPt: THIRUNALLAR Rly Station Txn Password: 5117 . Please carry your photo ID during journey. T&C apply. Visit  www.ksrtc.in"
info,"[Penguin Point] Hi Andrew, your reservation is confirmed for 7 people on 2010-12-28 at 12:16. We can hold your table for a maximum of 25 mins."
spam,"Dear Customer, Your a/c no. XXXXXXXX7743 is debited for Rs.23,500.00 on 07-Aug-2016 17:20:01 and a/c XXXXXXXX3363 credited (IMPS Ref no 628991462707)."
ham,going to pune with john. i will meet him there next tue
info,The PNR for your SPICE JET Flt 5M512 for BOM-SUN on 2009-11-05 at 19:52 hrs  is ULLOA8. Tip: Check PNR status and book using MakeMyTrip App!. Thank you.
info,"Hi Customer, Booking ID: WVLXOW3. Seats: SILVER-A10,A11,A12,A13,A14, 5 seat(s) for The Accountant on 2010-08-09 3:11 at PVR: Vaishnavi Sapphire Mall, Bengaluru. Please carry your CC/DC card which was used for booking tickets."
spam,OTP is 517135 for the txn of INR 12799.00 at Maha Veer Auto Agency on your SBI bank Debit card ending with 4267. Valid till 12:14:45. Do not share the OTP with anyone for security reasons
info,"Repair ref.no for your car is JC24381876 opened on 2011-08-17 0:36hrs,ETD of your car is 2011-08-18 19:27hrs and est.repair amt is Rs.809 Rgds, Lakshmi Auto Agency"
ham,"Okay, see you then."
info,The PNR for your AirAsia Flt 3H231 for ISK-PAT on 2015-06-15 at 21:53 hrs  is OMK7NB. Tip: Check PNR status and book using MakeMyTrip App!. Thank you.
ham,drop off the laundry
spam,"Dear customer, We wish you a Happy Diwali. Thanks for being a Air India customer."
info,Lakshmi Auto Agency : Service of your car KA38D2836 is due in 44 days on 2015-06-08. Please contact us at 9711357666 to book a service.
info,"Dear Guest, Thanks for choosing Zizzi. Order ID 8314. Delivery by 2010-09-30 2:15. Enjoy 28% discount on your next purchase. Code JAJI2Y. T&C."
info,The PNR for your Air India Flt 1T177 for PNQ-NMB on 2014-01-31 at 20:44 hrs  is JY31UK. Tip: Check PNR status and book using MakeMyTrip App!. Thank you.
ham,seeya next Friday bro
info,Bill dated 2011-11-19 for Rs 399 has been generated for your Vodafone fixedline/broadband relationship no. 62167523. The same will reach you by 2011-11-22. Due date: 2011-12-04.
spam,"Greetings, SBI wishes you a Merry Christmas."
spam,"Now you can Renew Your Subscription of Electronics For You for your Subscription No: E159456 at Half the Cover Price. To avail this special offer before it expires on 10th October 2015, please visit http://pay.efyindia.com/specialrenew/ Team-Support | EFY"
spam,"Delivered: Your package withOut for Delivery: SAMSUNG Galaxy J5 - 6 ... with tracking ID FMPP0058812707 from flipkart.com,was successfully delivered. More info at http://flipkart.com/cBfWh1e"
info,YourBus (HIRIYUR-DAVANEGERE 23:32) left  Anand Rao Circle at 24:32 approx. It is running as per schedule.Track YourBus at http://goo.gl/R0m5jx
ham,"okay, thanks for the reminder"
info,"Dear Guest, Thanks for choosing diner. Order ID 6854. Delivery by 2011-11-14 13:15. Enjoy 1% discount on your next purchase. Code DTPE4G. T&C."
info,Bill dated 2015-03-20 for Rs 370 has been generated for your Jio fixedline/broadband relationship no. 14456612. The same will reach you by 2015-03-23. Due date: 2015-04-04.
ham,meet john at pizza hut on lunch
info,"Hi Customer, Booking ID: WC7E3FJ. Seats: PLATINUM-D1, 1 seat(s) for Storks on 2013-11-08 10:48 at INOX Lido: Off MG Road, Ulsoor. Please carry your CC/DC card which was used for booking tickets."
spam,"Dear Customer, invest today in ICICI Bank 390 days FD @ 7.25% p.a. for a better tomorrow. Rates valid till 16-Nov-16. To open a FD, visit bit.ly/1OkFJAF. T&amp;C."
spam,"Dear INDIGO Customer, flight 1B258 from RJA shall be boarding from gate 19R. Boarding gate closes10 mins prior to the departure time."

